smiles,y,cluster,split
Nc1cc(CF)c(-c2nc(N3CCOCC3)nc(N3CCOCC3)n2)cn1,1,0,ood
COc1ccc(-c2ccc3ncc4c(c3n2)n(C2CCC(O)CC2)c(=O)n4C)cn1,1,5,train
Cc1c(N2CCN(C(=O)OC(C)(C)C)CC2)nc2cc(F)cc(F)c2c1N1CC2(CCOCC2)c2ncc(N3CCOCC3)cc21,1,3,ood
Cc1nc(N)nc(-c2cc(Cl)cnc2Nc2cnc(Cl)c(NS(=O)(=O)N3CCOCC3)c2)n1,1,7,train
C=Cc1cnc(Nc2ccc(OC)nc2)c(-c2nc(C)nc3[nH]cnc23)c1,1,7,test
COc1ncc(Nc2ncc(CN3CCN(S(C)(=O)=O)CC3)cc2-c2nc(C)nc(N)n2)cc1F,1,4,test
Cc1c(Cc2cccc(F)c2)nc2cc(F)cc(F)c2c1N1CC(C)(C)c2ncc(N3CCOCC3)cc21,1,1,train
COc1ccc(Nc2cccnc2-c2nc(C)nc(N)n2)cn1,0,7,train
Cn1c(=O)n(C2CCC(C(N)=O)CC2)c2c3nc(-c4cnn(CCO)c4)ccc3ncc21,1,5,train
COc1ccc(Nc2ncc(CN3CCN(C(=O)N(C)C)CC3)cc2-c2nc(C)nc(N)n2)cn1,1,4,train
CC(C)n1ncnc1-c1nc2c(s1)CCOc1cc(C3CN(C(=O)CO)C3)ccc1-2,1,2,train
Cc1ccc(-c2ccc3ncc4c(c3n2)n(C2CCN(C(=O)NN)CC2)c(=O)n4C)cn1,1,5,train
COc1ccc(Nc2ncc(C3=CCNCC3)cc2-c2nc(C)nc(N)n2)cn1,1,4,train
COc1ccc(Nc2ncc(C(N)C(F)(F)F)cc2-c2nc(C)nc(N)n2)cn1,1,7,train
COc1ccc(Nc2ncc(CO)cc2-c2nc(C)nc3[nH]cnc23)cn1,1,7,train
Cc1nc(-c2cccnc2Nc2cccc3n[nH]cc23)c2[nH]cnc2n1,1,7,test
CCC(N)(CC)c1cnc(Nc2cnc(OC)c(F)c2)c(-c2nc(C)nc(N)n2)c1,0,7,train
CC(C)OC(=O)N1CCC(n2c(=O)n(C)c3cnc4ccc(-c5cnc6ccccc6c5)nc4c32)CC1,1,5,test
COc1ccc(Nc2ncc(CN3CCCN(S(C)(=O)=O)CC3)cc2-c2nc(C)nc(N)n2)cn1,1,4,test
Cc1cc(C)cc(-c2nc3cc(F)ccc3c(N3CC(C)(C)c4ncc(N5CCOCC5)cc43)c2C)c1,1,2,test
COc1ncc(Nc2nc(COCC(F)(F)F)ccc2-c2nc(C)nc(N)n2)cc1F,1,7,train
CN(C)c1ccc(-c2ccc3ncc4c(c3n2)n(C2CCN(CCO)CC2)c(=O)n4C)cn1,1,5,test
Cc1c(-c2ccccn2)nc2cc(F)ccc2c1N1CCS(=O)(=O)c2ncc(N3CCOCC3)cc21,1,2,train
Cc1c(-c2ccccc2S(C)(=O)=O)nc2cc(F)ccc2c1N1CC(C)(C)c2ncc(-c3ccnc(N)n3)cc21,1,2,train
COc1ccc(Nc2ncc(CN3CCC(O)CC3)cc2-c2nc(C)nc(N)n2)cn1,0,4,train
Cc1nc2ccc(Cl)cc2c(N2CC(C)(C)c3ccc(-c4cn[nH]c4)cc32)c1C,0,2,train
CC(=O)Nc1nc2ccc(-c3ccnc(OCc4ccncc4)n3)cc2s1,0,6,ood
CS(=O)(=O)c1cccc(-c2cc3c(N4CCOCC4)nc(-c4cnc(N)nc4)nc3s2)c1,1,0,ood
Cn1cc(-c2ccc3ncc4c(c3n2)n(-c2ccc(C(C)(C)C#N)cc2)c(=O)n4C)cn1,1,5,train
CC(=O)Nc1nc(C)c(-c2ccc(S(N)(=O)=O)cc2)s1,0,0,ood
CS(=O)(=O)N1CCC(Cc2cc3c(N4CCOCC4)nc(-c4cnc(N)nc4)nc3s2)CC1,1,1,test
Cn1c(=O)n(C2CCOCC2)c2c3nc(-c4cn[nH]c4)ccc3ncc21,1,5,train
Cc1nc(N)nc(-c2cccnc2Nc2cccc(O)c2)n1,1,7,train
CC(C)c1c(-c2ccccn2)nc2cc(F)ccc2c1N1CC(C)(C)c2ncc(N3CCOCC3)cc21,1,2,train
Cc1nc2c(C(F)(F)F)cccc2c(N2CC(C)(C)c3ccc(N4CCOCC4)cc32)c1C,0,2,test
COc1ccc(Nc2ncc(CNCc3cccnc3)cc2-c2nc(C)nc3[nH]cnc23)cn1,1,7,train
CN(C)c1ccc(-c2ccc3ncc4c(c3n2)n(C2CCC(OCCO)CC2)c(=O)n4C)cn1,1,5,train
COc1ccc(Nc2ncc(CNCc3ccncc3)cc2-c2nc(C)nc3[nH]cnc23)cn1,1,7,train
Cc1cc(C(=O)Nc2cn[nH]c2)c2nc(C)nc(N)c2c1,1,7,test
COc1ccc(Nc2ncc(C(C)=O)nc2-c2cc(N)nc(C)n2)cn1,0,7,train
COc1ncc(-c2ccc3ncc4c(c3n2)n(C2CCN(C(=O)CN)CC2)c(=O)n4C)cn1,1,5,test
CC(CO)n1c(=O)n(C)c2cnc3ccc(-c4cccc5[nH]ccc45)nc3c21,1,2,train
COc1ccc(Nc2ncc(CN3CC(S(C)(=O)=O)C3)cc2-c2nc(C)nc(N)n2)cn1,1,4,train
Cn1c(=O)n(C2CCN(C(=O)CO)CC2)c2c3nc(-c4cccc5[nH]ncc45)ccc3ncc21,1,5,test
CC(=O)Nc1nc2ccc(-c3ccnc(Oc4ccccc4)n3)cc2s1,0,4,train
CCNC(=O)Nc1ccc(-c2nc(N3CCOCC3C)c3nc(C(C)(C)O)n(C)c3n2)cc1,0,2,train
O=S(=O)(Nc1cc(-c2cnc3ccc(-c4cccnc4)cn23)cnc1Cl)c1ccc(F)cc1,1,1,train
CN(C)c1ccc(-c2ccc3ncc4[nH]c(=O)n(-c5ccc(C(C)(C)C#N)cc5)c4c3n2)cn1,1,5,test
COc1ncc(Nc2ncc(C3(O)CC3)cc2-c2nc(C)nc(N)n2)cc1F,1,4,train
COc1ccc(Nc2ncc(CN3CCCCC3)cc2-c2nc(C)nc(N)n2)cn1,0,4,train
CC(C)n1nc(-c2ccc3oc(N)nc3c2)c2c(F)nc(N)nc21,0,2,train
Cc1c(-c2ccccc2F)nc2cc(F)ccc2c1N1CC(C)(C)c2ccc(N3CCOCC3)cc21,0,2,train
COc1ncc(Nc2ncc(C(C)N3CCN(S(C)(=O)=O)CC3C)cc2-c2nc(C)nc(N)n2)cn1,1,4,train
CC1(C)CN(c2c3c(nc4ccc(Cl)cc24)CCCC3)c2cc(N3CCOCC3)ccc21,0,5,train
Cc1nc(-c2cn3c(n2)-c2ccc(-c4cnn(C5CN(CCO)C5)c4)cc2OCC3)n(C(C)C)n1,1,2,train
COc1cnc(Nc2cnc(Cl)c(NS(C)(=O)=O)c2)c(-c2nc(C)nc(N)n2)c1,1,7,test
CC(=O)Nc1nc2ccc(-c3ccnc(Sc4cccc(F)c4)n3)cc2s1,1,4,train
COc1cncc(-c2ccc3nc(NC(=O)N(C)C)sc3c2)c1,1,0,ood
COc1ncc(Nc2nc3ccc(N4CCN(C(=O)N(C)C)CC4)cn3c2-c2nc(C)nc(N)n2)cc1F,1,5,train
CCC(=O)N1CCC(n2c(=O)n(C)c3cnc4ccc(-c5cnc6ccccc6c5)nc4c32)CC1,1,5,train
COC1CCN(c2cnc3ccc(-c4cnc(Cl)c(NS(=O)(=O)c5ccc(F)cc5)c4)cc3n2)CC1,1,6,ood
Nc1cc(C(F)(F)F)c(-c2nc(N3CC4CCC(C3)O4)nc(N3CC4CCC(C3)O4)n2)cn1,0,0,ood
COc1ccc(Nc2nc3ccc(C(C)(C)O)cn3c2-c2nc(C)nc(N)n2)cn1,1,5,test
COc1ncc(Nc2ncc(CN3CCN(C(=O)N(C)C4CC4)CC3)cc2-c2nc(C)nc(N)n2)cc1F,1,4,train
Cc1c(-c2ccccn2)nc2cc(F)cc(F)c2c1N1CC2(CCOCC2)c2ccc(N3CCOCC3)cc21,1,3,ood
Cc1ccnc(-c2nc3ncccc3c(N3CC(C)(C)c4ncc(N5CCOCC5)cc43)c2C)c1,1,2,test
CC(CO)n1c(=O)n(C)c2cnc3ccc(-c4cnc5ccccc5c4)nc3c21,1,2,test
Cc1nc(N)nc(-c2cc(CN3CCN(S(C)(=O)=O)CC3)cnc2Nc2ccc3ccncc3c2)n1,1,4,train
Cc1c(-c2ccccn2)nc2cc(F)ccc2c1N1CCOc2ccc(N3CCOCC3)cc21,0,2,test
Cc1nc(N)c2ccc(C)c(C(=O)Nc3cnc4[nH]ccc4c3)c2n1,0,7,train
CN(C)S(=O)(=O)Nc1cc(-c2cnc3ccc(-c4ccncc4)cn23)cnc1Cl,1,2,train
COc1cc(Nc2ncc(CN3CCN(S(C)(=O)=O)CC3C)cc2-c2nc(C)nc(N)n2)cnc1Cl,1,4,test
CN(C)c1ccc(-c2ccc3ncc4c(c3n2)n(C2CCN(C(N)=O)CC2)c(=O)n4C)cn1,1,5,train
Cc1nc(N)nc(-c2cccnc2Nc2ccc3oc(C)nc3c2)n1,0,7,test
CNC(=O)c1ccc2c(c1)OCCc1cc(C(=O)N(C)c3ccccc3Cl)sc1-2,1,1,train
CC(=O)Nc1ccc(Nc2ncc(Cc3ccc(S(C)(=O)=O)cc3)cc2-c2nc(C)nc3[nH]cnc23)cn1,1,4,train
Nc1cc(C(F)(F)F)c(-c2nc(N3CCOCC3)nc(N3C4CCC3COC4)n2)cn1,1,0,ood
COc1ncc(Nc2ncc(C(C)(C)N)cc2-c2nc(C)nc(N)n2)cc1F,1,7,test
COc1cccc(COc2nccc(-c3ccc4nc(NC(C)=O)sc4c3)n2)c1,1,6,ood
Nc1cc(C(F)F)c(-c2cc(N3CCOCC3)nc(N3CCOCC3)n2)cn1,1,0,ood
Cc1cc(Cl)c2nc(C)c(C)c(N3CC(C)(C)c4ccc(N5CCOCC5)cc43)c2c1,0,2,train
CC(=O)Nc1ccc(Nc2ncc(Cl)cc2-c2nc(C)nc(N)n2)cc1F,0,7,test
COc1ncc(Nc2ncc(CN3CCN(C(=O)N(C)C)CC3)cc2-c2nc(C)nc(N)n2)cc1F,1,4,test
Cc1nc(-c2cc(C(F)(F)F)cnc2Nc2cccc3[nH]ncc23)c2nc[nH]c2n1,0,7,train
Cn1cc(-c2ccc3ncc4c(c3n2)n(C2CCOCC2)c(=O)n4C)cn1,1,5,train
CC(C)n1ncnc1-c1nc2c(s1)CCOc1cc(-c3cnn(C(C)(C)C(N)=O)c3)ccc1-2,1,2,train
Cc1ccc(-c2ccc3ncc4c(c3n2)n(C2CCN(c3ncccn3)CC2)c(=O)n4C)cn1,1,5,train
CN(Cc1cc2c(N3CCOCC3)nc(-c3cnc(N)nc3)nc2s1)S(C)(=O)=O,1,2,test
COC1(c2sc3c(N4CCOCC4)nc(-c4cnc(N)nc4)nc3c2C)COC1,1,0,ood
CN(C)c1ccc(-c2ccc3ncc4c(c3n2)n(C2CCN(C(=O)C(C)(C)O)CC2)c(=O)n4C)cn1,1,5,train
COc1ncc(Nc2ncc(C(O)C(F)(F)F)cc2-c2nc(C)nc(N)n2)cc1F,1,7,train
COc1ncc(Nc2ncc(C(C)(C)O)cc2-c2cc(N)nc(C)n2)cc1F,1,7,train
CC(=O)Nc1nc(C)c(-c2ccc(S(C)(=O)=O)c(Br)c2)s1,1,0,ood
Cc1c(-c2ccccn2)nc2cnccc2c1N1CC2(CCOCC2)c2ncc(N3CCOCC3)cc21,1,3,ood
Cc1nc(N)nc(-c2cc(CN3CCNCC3)cnc2Nc2ccc3[nH]cnc3c2)n1,1,4,train
Cc1cnc(Nc2cccc3[nH]ncc23)c(-c2nc(C)nc(N)n2)c1,1,7,train
COc1ccc(Nc2ncc(N3CCOCC3)cc2-c2nc(C)nc3[nH]cnc23)cn1,0,4,train
Cc1c(Cc2ccccc2)nc2cc(F)cc(F)c2c1N1CC(C)(C)c2ncc(N3CCOCC3)cc21,1,1,train
COCCN1CCN(c2ccc3nc(Nc4cnc(OC)c(F)c4)c(-c4nc(C)nc(N)n4)n3c2)CC1,1,5,train
COc1ncc(Nc2nc(-c3ccncc3)ccc2-c2nc(C)nc(N)n2)cc1F,1,4,train
Cc1nc(N)nc(-c2cccnc2Nc2cnc(Cl)c(NS(=O)(=O)N(C)C(C)C)c2)n1,1,7,test
Cc1c(CN2CCN(C(=O)C(C)O)CC2)sc2c(N3CCOCC3)nc(-c3cnc(N)nc3)nc12,1,1,test
Cc1c(-c2cncc(F)c2)nc2ncccc2c1N1CC(C)(C)c2ncc(N3CCOCC3)cc21,1,2,train
CNC(=O)Nc1ccc(-c2ccc3ncc4c(c3n2)n(C2CCN(C(=O)C(C)O)CC2)c(=O)n4C)cc1,1,5,train
COc1ccc(Nc2ncc(-c3cn[nH]c3)cc2-c2nc(C)nc(N)n2)cn1,1,4,train
Cc1c(-c2ccccn2)nc2cccc(F)c2c1N1CC(C)(C)c2ncc(N3CCOCC3)cc21,1,2,test
CC(=O)Nc1cn2nc(-c3cnc(Cl)c(NS(=O)(=O)c4ccc(F)cc4)c3)ccc2n1,1,6,ood
O=c1n(Cc2ccccc2)ccc2ncc(-c3cnc(Cl)c(NS(=O)(=O)c4ccc(F)cc4)c3)n12,0,1,train
Nc1cc(C(F)F)c(-c2nc(N3CCOCC3)nc(N3CC4CCC(C3)O4)n2)cn1,1,0,ood
CC(=O)N1CCC(n2c(=O)n(C)c3cnc4ccc(-c5cccc6[nH]ncc56)nc4c32)CC1,1,5,train
CC(C)n1nc(-c2ccc3oc(N)nc3c2)c2c(N)nc(N)nc21,0,2,test
Cc1ccn2c(-c3cnc(Cl)c(NS(=O)(=O)c4ccc(F)cc4)c3)cnc2c1,1,1,train
CC1COCCN1c1nc(-c2cnc(N)cc2C(F)F)cc(N2CCOCC2)n1,1,0,ood
Cc1ncccc1-c1nc2cc(F)ccc2c(N2CC3(CCOCC3)c3ccc(N4CCOCC4)cc32)c1C,1,3,ood
CCc1nc(N)nc2c1c(-c1ccc3oc(N)nc3c1)nn2C(C)C,1,2,test
Cc1nc(N)nc(-c2cc(CN3CCN(S(C)(=O)=O)CC3)cnc2Nc2cccc(O)c2)n1,1,4,test
Cc1nc2ccc(Br)cn2c1-c1cnc(Cl)c(NS(=O)(=O)c2ccc(F)cc2)c1,1,1,train
Cc1nc2ccc(Cl)cc2c(-n2cc(C#N)c3ccc(-c4cn[nH]c4)cc32)c1C,0,2,train
Cc1nc(NC(=O)N2CCCC2C(N)=O)sc1-c1ccc(S(C)(=O)=O)cc1,0,6,ood
COc1ccc(-c2ccc3ncc4c(c3n2)n(C2CCN(C(C)=O)CC2)c(=O)n4C)cc1,1,5,test
COc1ccc(Nc2ncccc2-c2nc(C)nc(N)n2)cc1OC,0,7,train
N#Cc1ccc(-c2c(-c3ncn[nH]3)sc(N3CCOCC3)c2C#N)c(F)c1,1,0,ood
CC(C)n1ncnc1-c1cn2c(n1)-c1cnc(N3CCCC3)cc1OCC2,1,2,train
CNC(=O)c1ccc2c(c1)OCCc1cc(C(=O)N(C)c3cc(C(=O)N4CCN(C)CC4)ccc3Cl)sc1-2,1,1,test
Cc1ccnc(-c2nc3cnccc3c(N3CC(C)(C)c4ncc(N5CCOCC5)cc43)c2C)c1,1,2,test
COc1ccc(S(=O)(=O)N(C)c2nccc(-c3ccc4nc(NC(C)=O)sc4c3)n2)cc1,1,6,ood
Cc1nc(N)nc(-c2cc(C(C)N3CCN(S(C)(=O)=O)CC3)cnc2Nc2cc(F)c3cccnc3c2)n1,1,4,test
COc1ncc(Nc2ncc(CN3CCN(S(C)(=O)=O)C(C)C3)cc2-c2nc(C)nc(N)n2)cc1F,1,4,train
COc1ncc(-c2ccc3ncc4c(c3n2)n(C2CCN(CC(=O)N(C)C)CC2)c(=O)n4C)cn1,1,5,train
COc1cncc(-c2ccc3nc(NC(=O)NCCc4cn(C)cn4)sc3c2)c1,0,6,ood
Cn1c(=O)n(C2CCOCC2)c2c3nc(-c4cnn(CCO)c4)ccc3ncc21,1,5,test
COc1ncc(Nc2ncccc2-c2nc(C)nc(N)n2)cc1Cl,1,7,train
Cc1nc(N)nc(-c2cc(CN3CCN(S(C)(=O)=O)CC3)cnc2Nc2cccc3[nH]ncc23)n1,1,4,train
CC(C)C(=O)CN1CCC(n2c(=O)n(C)c3cnc4ccc(-c5cnn(C)c5)nc4c32)CC1,1,5,train
COc1ccc(-c2ccc3ncc4c(c3n2)n(CCN2CCNCC2)c(=O)n4C)cn1,1,5,train
Cc1nc(N)nc(-c2cc(C(C)N3CCN(S(C)(=O)=O)CC3)cnc2Nc2ccc3cccnc3c2)n1,1,4,test
COc1ncc(Nc2ncc(CN3CCN(S(C)(=O)=O)CC3C(F)(F)F)cc2-c2nc(C)nc(N)n2)cc1F,1,4,test
O=S(=O)(Nc1cc(-c2ccc3sncc3c2)cnc1Cl)c1ccc(F)cc1,1,6,ood
Cc1nnc(-c2sc(N3CCOCC3)c(C#N)c2-c2ccc(Cl)cc2)o1,0,0,ood
Cc1ccc(NC(=O)c2c(C)ccc3c(N)nc(C)nc23)cn1,0,7,train
COc1ncc(Nc2ncc(C(C)N3CCN(S(C)(=O)=O)CC3)cc2-c2nc(C)nc(N)n2)cc1C(C)C,1,4,train
Cc1c(-c2ccccn2)nc2cc(F)ccc2c1N1CC2(CCS(=O)(=O)CC2)c2ccc(N3CCOCC3)cc21,1,3,ood
Cc1c(/C=C/c2ccccc2)nc2cc(F)cc(F)c2c1N1CC(C)(C)c2ncc(N3CCOCC3)cc21,1,1,test
CCNC(=O)Nc1ccc(-c2nc3c(c(N4CCOCC4)n2)CS(=O)(=O)C3)cc1,0,2,test
Cc1c(-c2ccccc2S(C)(=O)=O)nc2cc(F)ccc2c1N1CC(C)(C)c2ccc(N3CCOCC3)cc21,1,2,train
O=S(=O)(Nc1cc(-c2cc3cccnc3cn2)cnc1Cl)c1ccc(F)cc1,0,6,ood
COc1ncc(Nc2ncc(C(C)N3CCN(C(=O)N(C)C)CC3)cc2-c2nc(C)nc(N)n2)cc1F,1,4,train
COc1ncc(Nc2ncc(C(C)N3CCN(S(C)(=O)=O)CC3)nc2-c2cc(N)nc(C)n2)cc1F,1,4,test
COc1ncc(Nc2ncc(C(C)c3ccc(S(C)(=O)=O)cc3)cc2-c2nc(C)nc(N)n2)cc1F,1,4,train
CC(C)n1nc(-c2ccc3oc(N)nc3c2)c2c(=O)[nH]c(N)nc21,0,2,test
Cc1c(-c2cccc(=O)[nH]2)nc2cc(F)ccc2c1N1CC2(CCOCC2)c2ccc(N3CCOCC3)cc21,0,3,ood
COc1ncc(Nc2ncc(C(=O)N3CCC(O)CC3)cc2-c2nc(C)nc(N)n2)cc1F,1,4,test
COc1ccc(Nc2ncc(N3CCC(CO)C3)cc2-c2nc(C)nc3[nH]cnc23)cn1,1,4,test
Cc1c(-c2cccc(F)c2)nc2ncccc2c1N1CC2(CCOCC2)c2ncc(N3CCOCC3)cc21,1,3,ood
CN(C(=O)c1cc2c(s1)-c1ccccc1OCC2)c1ccccc1Cl,1,1,train
CCNC(=O)Nc1ccc(-c2nc(N3CCOCC3C)c3ncn(C)c3n2)cc1,0,2,test
COC(=O)Nc1ccc2c(c1)OCCc1cc(C(=O)N(C)c3ccccc3Cl)sc1-2,1,1,train
Cn1c(=O)n(C2CCOCC2)c2c3nc(-c4cc[nH]n4)ccc3ncc21,1,5,train
Nc1ncc(-c2nc(N3CCOCC3)c3cc(CC4CCN(CC(F)(F)F)CC4)sc3n2)cn1,1,1,test
Cc1nc(N)nc(-c2cc(C(C)(C)O)cnc2Nc2cncc(F)c2)n1,1,7,train
O=S(=O)(Nc1cc(-c2ccc3nccc(N4CCCCC4)c3c2)cnc1Cl)c1ccc(F)cc1,1,1,test
COc1ncc(-c2ccc3ncc4c(c3n2)n(C2CCN(C)CC2)c(=O)n4C)cn1,1,5,test
COc1ccc(Nc2ncc(CO)cc2-c2nc(C)nc(N)n2)cn1,1,7,test
Cc1nc(-c2cc(C(C)N3CCOCC3)cnc2Nc2cnc(Cl)c(NS(=O)(=O)N(C)C)c2)c2nc[nH]c2n1,1,4,train
CN(C)S(=O)(=O)Nc1cc(-c2cnc3cc(-c4ccncc4)ccn23)cnc1Cl,1,2,train
COc1ncc(Nc2ncc(CN3CCN(C(=O)N(C)CC(F)(F)F)CC3)cc2-c2nc(C)nc(N)n2)cc1F,1,4,test
Cc1c(CCc2ccccc2)nc2cc(F)cc(F)c2c1N1CC(C)(C)c2ncc(N3CCOCC3)cc21,1,1,test
Cc1c(-c2ccccc2)nc2ccccc2c1N1CC(C)(C)c2ccc(N3CCOCC3)cc21,1,2,train
Cc1c(-c2ccc3c(ccn3C)c2)nc2cc(F)cc(F)c2c1N1CC(C)(C)c2ncc(N3CCOCC3)cc21,0,2,train
CC(=O)Nc1nc2ccc(-c3cnc(Cl)c(NS(=O)(=O)c4ccc(F)cc4)c3)cc2s1,1,6,ood
CC(CO)n1c(=O)n(C)c2cnc3ccc(-c4cnc(N)nc4)nc3c21,1,2,train
CN(C(=O)c1cc2c(s1)-c1ccc(-c3ccn[nH]3)cc1OCC2)c1ccccc1Cl,1,1,train
Cc1c(-c2ccccn2)nc2cc(F)ccc2c1N1CC(CO)(CO)c2ccc(N3CCOCC3)cc21,1,2,train
CN1CCN(Cc2cc3c(N4CCOCC4)nc(-c4cnc(N)nc4)nc3s2)CC1,1,1,train
COc1ncc(Nc2ncc(C(C)(C)CO)cc2-c2nc(C)nc(N)n2)cc1F,1,7,test
CC(=O)Nc1nc2ccc(-c3ccnc(OCc4ccccc4)n3)cc2s1,0,6,ood
Cc1nc2ccccn2c1-c1cnc(Cl)c(NS(=O)(=O)c2ccc(F)cc2)c1,0,1,test
COc1ncc(-c2ccc3ncc4c(c3n2)n(C2CCC(OCCO)CC2)c(=O)n4C)cn1,1,5,train
Cc1nc(N)nc(-c2cc(CN3CCN(S(C)(=O)=O)CC3)cnc2Nc2cc(F)cc3[nH]ncc23)n1,1,4,train
CS(=O)(=O)N1CCN(Cc2cn3c(Cl)c(-c4cnc(N)nc4)nc(N4CCOCC4)c3n2)CC1,1,1,train
CC(=O)Nc1nc2ccc(-c3ccnc(OCCCc4cccnc4)n3)cc2s1,0,6,ood
CCNC(=O)c1ccc2c(c1)OCCc1cc(C(=O)N(C)c3ccccc3Cl)sc1-2,1,1,train
CC1COCCN1c1nc(-c2cnc(N)cc2C(F)F)nc(N2CCOCC2C)n1,0,0,ood
COc1ccc(Nc2nc(N3CCCCC3)ncc2-c2nc(C)nc(N)n2)cn1,0,4,train
COc1ccc(Nc2nc(-c3cccnc3)ccc2-c2nc(C)nc(N)n2)cn1,1,4,test
CCCCn1nc(-c2ccc3oc(N)nc3c2)c2c(Cl)nc(N)nc21,0,2,train
N#Cc1c(N2CCOCC2)sc(-c2ncn[nH]2)c1-c1ccc(Cl)cc1Cl,1,0,ood
COc1ncc(Nc2ncc(CN3CCN4C(CCS4(=O)=O)C3)cc2-c2nc(C)nc(N)n2)cc1F,1,4,train
COc1ncc(-c2ccc3ncc4c(c3n2)n(C2CCN(CCO)CC2)c(=O)n4C)cn1,1,5,train
CC(=O)Nc1nc(C)c(-c2ccc(-n3cccn3)cc2)s1,1,0,ood
Cc1nc(N)nc(-c2cccnc2Nc2ccc(Cl)nc2)n1,0,7,train
COCCNc1cnc2ccc(-c3cnc(Cl)c(NS(=O)(=O)c4ccc(F)cc4)c3)cc2n1,1,6,ood
O=C(OCc1ccccc1)C1CCC(n2c(=O)[nH]c3cnc4ccc(-c5cnc6ccccc6c5)nc4c32)CC1,1,5,test
CC(=O)N1CCC(n2c(=O)n(C)c3cnc4ccc(-c5cnn(C)c5)nc4c32)CC1,1,5,train
COc1ccc(Nc2ncc(Cl)cc2-c2nc(C)nc3[nH]cnc23)cn1,1,7,train
COc1ncc(Nc2nc3ccc(N4CCNCC4)cn3c2-c2nc(C)nc(N)n2)cc1F,1,5,train
O=S(=O)(Nc1cc(-c2ccc3ncc(NCCN4CCCCC4)nc3c2)cnc1Cl)c1ccc(F)cc1,1,6,ood
Cc1c(N2CCNCC2)nc2cc(F)cc(F)c2c1N1CC2(CCOCC2)c2ncc(N3CCOCC3)cc21,1,3,ood
CC(=O)Nc1ccc(Nc2ncc(CN3CCN(S(C)(=O)=O)CC3)cc2-c2nc(C)nc(N)n2)cc1F,0,4,train
Cn1cc(-c2ccc3ncc4c(c3n2)n(C2CCC(C(N)=O)CC2)c(=O)n4C)cn1,1,5,train
Cc1nc(NC(=O)N2CCCC2C(N)=O)sc1-c1ccc(S(C)(=O)=O)c(F)c1,1,6,ood
CC(C)n1ncnc1-c1cn2c(n1)-c1cnc(N(C)CC(N)=O)cc1OCC2,1,2,train
CCNC(=O)Nc1ccc(-c2ccc3ncc4c(c3n2)n(C2CCN(C(=O)OC(C)(C)C)CC2)c(=O)n4C)cc1,1,5,train
Nc1cc(C(F)(F)F)c(-c2cc(N3C4CCC3COC4)nc(N3C4CCC3COC4)n2)cn1,0,0,ood
Cc1nc(-c2cccnc2Nc2cccc3[nH]ccc23)c2[nH]cnc2n1,0,7,train
CN(C)S(=O)(=O)Nc1cc(-c2cnc3cc(-c4cccnc4)ccn23)cnc1Cl,1,2,train
COc1cncc(-c2ccc3nc(NC(=O)NCCC(=O)NCC(F)(F)F)sc3c2)c1,1,0,ood
CC1CN(c2nc(-c3cnc(N)cc3C(F)F)nc(N3CC(C)OC(C)C3)n2)CC(C)O1,0,0,ood
CNC(=O)N1CCC(n2c(=O)n(C)c3cnc4ccc(-c5ccc(OC)nc5)nc4c32)CC1,1,5,train
CN(C(=O)c1cc2c(s1)-c1ccc(C(N)=O)cc1OCC2)c1ccccc1Cl,1,1,train
Cc1c(-c2ccccn2)nc2cccc(F)c2c1N1CCS(=O)(=O)c2ncc(N3CCOCC3)cc21,1,2,train
Cn1c(=O)n(C2CCC(O)CC2)c2c3nc(-c4ccc5[nH]ncc5c4)ccc3ncc21,1,5,train
O=S(=O)(Nc1cc(-c2ccc3cnccc3c2)cnc1Cl)c1ccc(F)cc1,0,6,ood
O=S(=O)(Nc1cncc(-c2cnc3ccccn23)c1)c1ccc(F)cc1,0,1,train
CC1COCCN1c1nc(-c2cnc(N)nc2C(F)F)nc(N2CCOCC2)n1,1,0,ood
COc1ccc(-c2ccc3ncc4c(c3n2)n(C2CCN(CC(N)=O)CC2)c(=O)n4C)cn1,1,5,test
Cc1cc(C)cc(-c2nc3cc(F)ccc3c(N3CC4(CCOCC4)c4ncc(N5CCOCC5)cc43)c2C)c1,1,3,ood
CC(C)n1ncnc1-c1cn2c(n1)-c1ccc(N3CCCC3C(N)=O)cc1OCC2,1,2,train
Cc1nc2c(Cl)cccc2c(N2CC(C)(C)c3ccc(N4CCOCC4)cc32)c1C,1,2,train
Cn1cc(-c2ccc3ncc4c(c3n2)n(C2CCC(O)CC2)c(=O)n4C)cn1,1,5,train
Cc1nc(N)nc(-c2cc(C(C)(C)O)cnc2Nc2cncc(S(C)(=O)=O)c2)n1,0,7,train
CC(=O)Nc1nc2ccc(-c3ccnc(N(C)S(=O)(=O)c4ccccc4F)n3)cc2s1,1,6,ood
COc1ccc(NC(=O)c2c(C)ccc3c(N)nc(C)nc23)cn1,1,7,train
COc1cnc(Nc2ccc(OC)nc2)c(-c2nc(C)nc(N)n2)c1,1,7,test
Cc1c(-c2ccccn2)nc2cc(F)ccc2c1N1CC2(CCOCC2)c2nc(N)c(N3CCOCC3)cc21,0,3,ood
COc1ccc(Nc2ncc(CN3CCN(S(=O)(=O)N(C)C)CC3)cc2-c2nc(C)nc3[nH]cnc23)cn1,1,4,train
COc1ccc(Nc2ncc(CNc3ccccc3)cc2-c2nc(C)nc3[nH]cnc23)cn1,1,7,test
CC(C)N1CCN(c2ccnc3ccc(-c4cnc(Cl)c(NS(=O)(=O)c5ccc(F)cc5)c4)cc23)CC1,1,1,train
Nc1cn2cc(-c3cnc(Cl)c(NS(=O)(=O)c4ccc(F)cc4)c3)ccc2n1,1,6,ood
COc1cccc(Cc2nc3cc(F)cc(F)c3c(N3CC(C)(C)c4ncc(N5CCOCC5)cc43)c2C)c1,1,1,train
CC(=O)Nc1nc2ccc(-c3cnc(Cl)c(NS(=O)(=O)c4ccccc4)c3)cc2s1,1,6,ood
CC(C)n1ncnc1-c1nc2c(s1)CCOc1cc(-c3cnn(CCN)c3)ccc1-2,1,2,train
CCN1CCC(n2c(=O)n(C)c3cnc4ccc(-c5cnc6ccccc6c5)nc4c32)CC1,1,5,train
Cc1nc(N)nc(-c2cc(CN3CCN(S(C)(=O)=O)CC3)cnc2Nc2ccc3[nH]cnc3c2)n1,1,4,train
CC(=O)Nc1nc2ccc(-c3cnc(Cl)c(NS(=O)(=O)c4cccc(F)c4)c3)cc2s1,1,6,ood
Cc1nc(NC(=O)NCCC(=O)OC(C)(C)C)sc1-c1ccc(S(C)(=O)=O)c(F)c1,0,0,ood
C=Cc1nc2c(cc1N1CCOCC1)N(c1c(C)c(-c3ccccn3)nc3cc(F)ccc13)CC21CCOCC1,1,3,ood
COc1ccc(Nc2ncc(CNCc3ccccn3)cc2-c2nc(C)nc3[nH]cnc23)cn1,1,7,train
COCC(=O)N1CCC(n2c(=O)n(C)c3cnc4ccc(-c5ccc(C)nc5)nc4c32)CC1,1,5,test
Cc1c(-c2ccccn2)nc2c(C)ccc(F)c2c1N1CC(C)(C)c2ncc(N3CCOCC3)cc21,1,2,test
CC(=O)Nc1nc2ccc(-c3ccnc(Nc4ccccc4)n3)cc2s1,0,4,train
Cc1nc(N)c2ccc(C)c(C(=O)Nc3cn[nH]c3)c2n1,1,7,test
COCCn1c(=O)n(C)c2cnc3ccc(-c4ccc(OC)nc4)nc3c21,1,2,train
COc1ccc(Nc2nc(-c3ccncc3)ncc2-c2nc(C)nc(N)n2)cn1,0,4,test
COCCCOc1nccc(-c2ccc3nc(NC(C)=O)sc3c2)n1,0,0,ood
Nc1cc(C(F)F)c(-c2nc(N3CC4CC3CO4)nc(N3CC4CC3CO4)n2)cn1,0,0,ood
COCCOc1cnc(Nc2cnc(OC)c(NS(C)(=O)=O)c2)c(-c2nc(C)nc(N)n2)c1,1,7,train
Cc1c(N2CCOC(C)(C)C2)nc2cc(F)cc(F)c2c1N1CC2(CCOCC2)c2ncc(N3CCOCC3)cc21,1,3,ood
CSc1nccc(-c2ccc3nc(NC(C)=O)sc3c2)n1,1,0,ood
COc1cccc(-c2ccc3ncc4c(c3n2)n(C2CCN(C(=O)C(C)O)CC2)c(=O)n4C)c1,1,5,train
CC(=O)Nc1nc2ccc(-c3ccnc(NS(=O)(=O)c4ccc(F)cc4)n3)cc2s1,0,6,ood
Cc1nc(N)cc(-c2nccnc2Nc2cccc3[nH]ncc23)n1,1,7,train
COc1ccc(S(=O)(=O)Nc2cncc(-c3ccc4nc(NC(C)=O)sc4c3)n2)cc1,1,6,ood
COc1ccc(Nc2ncc(CN3CCN(S(C)(=O)=O)CC3)cc2-c2nc(C)nc(N)n2)cn1,1,4,train
COc1ccc(Nc2ncc(-c3cncc(F)c3)cc2-c2nc(C)nc(N)n2)cn1,1,4,test
Cc1c(-c2ccccn2)nc2cc(F)ccc2c1N1CC2(CCOCC2)c2nc(Cl)c(N3CCOCC3)cc21,1,3,ood
Cc1cc(-c2ccc3c(c2)N(c2c(C)c(-c4ccccn4)nc4cc(F)ccc24)CC3(C)C)nc(N)n1,0,2,train
CC(C)n1ncnc1-c1cn2c(n1)-c1ccc(-c3cnn(CCO)c3)cc1OCC2,1,2,train
Cc1c(N2CCCCC2=O)nc2cc(F)cc(F)c2c1N1CC2(CCOCC2)c2ncc(N3CCOCC3)cc21,1,3,ood
COc1ccc(S(=O)(=O)Nc2nccc(-c3ccc4nc(NC(C)=O)sc4c3)n2)cc1,0,6,ood
CC(=O)Nc1nc2ccc(-c3cnc(Cl)c(NS(=O)(=O)c4ccc(F)cc4)c3)cc2o1,1,6,ood
Cc1nc(N)nc(-c2cccnc2Nc2cc[nH]c(=O)c2)n1,0,7,train
COc1ccc(Nc2ncc(C(C)N3CCN(S(C)(=O)=O)CC3)nc2-c2cc(N)nc(C)n2)cn1,1,4,train
COc1ccc(Nc2nc(N)ncc2-c2nc(C)nc(N)n2)cn1,0,7,train
CC(CO)n1c(=O)n(C)c2cnc3ccc(-c4c[nH]c5nncc-5c4)nc3c21,1,2,train
CC(=O)Nc1cn2cc(-c3cnc(Cl)c(NS(=O)(=O)c4ccc(F)cc4)c3)ccc2n1,1,6,ood
Cc1nc2ccc(Cl)cc2c(N2CC(C)(C)c3ccc(-c4ccncc4)cc32)c1C,0,2,test
COc1ccc(Nc2ncc(CN3CCSCC3)cc2-c2nc(C)nc(N)n2)cn1,1,4,train
Cc1nc(N)nc(-c2cc(CN3CCN(C(=O)N(C)C)CC3)cnc2Nc2cnc(O)c(F)c2)n1,0,4,train
CC(=O)Nc1nc2ccc(-c3ccnc(OCc4ccc(F)cc4)n3)cc2s1,0,6,ood
COc1ncc(Nc2ncc(C3=CCOCC3)cc2-c2nc(C)nc(N)n2)cc1F,1,4,train
Cc1nc(N)c2cccc(C(=O)Nc3ccc(N(C)C)nc3)c2n1,1,7,train
Cc1ccc(S(C)(=O)=O)c(-c2nc3cc(F)cc(F)c3c(N3CC(C)(C)c4ncc(N5CCOCC5)cc43)c2C)c1,1,2,train
COc1cnc(Nc2cnc(Cl)c(NS(=O)(=O)N3CCOCC3)c2)c(-c2nc(C)nc(N)n2)c1,1,7,test
Cc1c(-c2ccccn2)nc2ncccc2c1N1CC(C)(C)c2ncc(N3CCOCC3)cc21,1,2,test
CC(=O)Nc1nc2ccc(-c3ccnc(Sc4ccccc4F)n3)cc2s1,1,4,train
COc1ccc(-c2ccc3ncc4c(c3n2)n(C2CCC(OCCO)CC2)c(=O)n4C)cn1,1,5,test
Nc1cc(C(F)(F)F)c(-c2nc(N3CCOCC3)nc(N3CCOCC3)n2)cn1,1,0,ood
CC(=O)Nc1nc(C)c(-c2ccc(S(C)(=O)=O)c(F)c2)s1,0,0,ood
COc1ncc(Nc2ncc(Cc3ccc(S(C)(=O)=O)cc3)cc2-c2nc(C)nc(N)n2)cc1F,1,4,train
COc1ccc(Nc2ncc(N3CCOCC3)cc2-c2nc(C)nc(N)n2)cn1,1,4,test
CCNC(=O)Nc1ccc(-c2nc(N3CCOCC3CC)c3c(n2)c(C)nn3C)cc1,0,2,train
Cc1nc(N)c2cccc(C(=O)Nc3cnc4[nH]ccc4c3)c2n1,1,7,test
COc1ncc(-c2ccc3ncc4c(c3n2)n(C2CCC(C(N)=O)CC2)c(=O)n4C)cn1,1,5,train
CN(C(=O)c1cc2c(s1)-c1ccc(-c3cn[nH]c3)cc1OCC2)c1ccncc1Cl,1,1,train
COc1ccc(Nc2ncc(CN3CC(N)C3)cc2-c2nc(C)nc(N)n2)cn1,0,4,train
CC(=O)N1CCC(n2c(=O)n(C)c3cnc4ccc(-c5cccc(-n6cccn6)c5)nc4c32)CC1,1,5,train
Cc1cncc(Nc2ncccc2-c2nc(C)nc(N)n2)c1,0,7,train
CN1CCC(n2c(=O)n(C)c3cnc4ccc(-c5ccc(N(C)C)nc5)nc4c32)CC1,1,5,train
COc1ccc(Nc2ncc(CN3CCCC3)cc2-c2nc(C)nc(N)n2)cn1,0,4,test
Nc1cc(C(F)F)c(-c2nc(N3C4COCC3COC4)nc(N3C4COCC3COC4)n2)cn1,0,0,ood
COc1ccccc1Sc1nccc(-c2ccc3nc(NC(C)=O)sc3c2)n1,0,4,test
Cn1cc(-c2ccc3ncc4c(c3n2)n(C2CCN(C(=O)C(C)(C)O)CC2)c(=O)n4C)cn1,1,5,train
COc1ccc(-c2ccc3ncc4c(c3n2)n(C2CCN(C(C)C)CC2)c(=O)n4C)cn1,1,5,train
COc1ccc(S(=O)(=O)Nc2cc(-c3ccc4nc(NC(C)=O)sc4c3)cnc2C)cc1,1,6,ood
COc1ncc(Nc2nc(-c3cccnc3)ccc2-c2nc(C)nc(N)n2)cc1F,1,4,test
Cc1c(-c2ccccn2)nc2cccc(F)c2c1N1CC(C)(C)c2ccc(N3CCOCC3)cc21,0,2,train
COC(=O)N1CCN(Cc2cnc(Nc3ccc(OC)nc3)c(-c3nc(C)nc(N)n3)c2)CC1,1,4,train
Nc1nc2ccc(-c3cnc(Cl)c(NS(=O)(=O)c4ccc(F)cc4)c3)cc2o1,1,6,ood
Cc1nc(N)nc(-c2cc(C(C)N3CCN(S(C)(=O)=O)CC3C)cnc2Nc2ccc3scnc3c2)n1,1,4,train
COc1cnc(Nc2cnc(Cl)c(NS(=O)(=O)N(C)C)c2)c(-c2nc(C)nc(N)n2)c1,1,7,train
COc1ccc(Nc2ncc(C(=O)N3CCOCC3)cc2-c2nc(C)nc(N)n2)cn1,1,4,train
Cc1ccc(-c2ccc3ncc4c(c3n2)n(C2CCN(C)CC2)c(=O)n4C)cn1,1,5,test
COc1ccc(Nc2ncc(CN3CC4(C3)NC(=O)NC4=O)cc2-c2nc(C)nc(N)n2)cn1,1,4,test
CC1(C)OCCn2c1nc1c(N3CCOCC3)nc(-c3cnc(N)nc3)nc12,1,2,train
Cc1nc2ccc(Cl)cc2c(N2CCOc3ccc(N4CCOCC4)cc32)c1C,0,2,train
Cc1nc(N)nc(-c2cccnc2Nc2ccc(NC(=O)Nc3cccc(F)c3)nc2)n1,1,7,train
Cc1c(-c2cccnc2)nc2cc(F)ccc2c1N1CC2(CCOCC2)c2ccc(N3CCOCC3)cc21,1,3,ood
CC(C)n1ncnc1-c1cn2c(n1)-c1ccc(-c3cn[nH]c3)cc1OCC2,1,2,train
Cn1c(=O)n(C2CCC(O)CC2)c2c3nc(-c4cn[nH]c4)ccc3ncc21,1,5,test
COc1ccc(Nc2ncc(C(N3CCN(S(C)(=O)=O)CC3)C(F)(F)F)cc2-c2nc(C)nc(N)n2)cn1,1,4,train
Cc1ccnc(-c2nc3ncccc3c(N3CC(C)(C)c4nc(Cl)c(N5CCOCC5)cc43)c2C)c1,1,2,train
Cc1c(N2CCN(S(C)(=O)=O)CC2)nc2cc(F)cc(F)c2c1N1CC2(CCOCC2)c2ncc(N3CCOCC3)cc21,1,3,ood
Cc1nc(-c2cc(Br)cnc2Nc2cccc3[nH]ncc23)c2nc[nH]c2n1,1,7,test
Cc1nc(N)nc(-c2cccnc2Nc2ccc(NC(=O)Nc3ccccc3)nc2)n1,1,7,test
COc1cc2nc(C)c(C)c(N3CC4(CCOCC4)c4ccc(Br)cc43)c2cc1Cl,0,3,ood
Cc1ccc(-c2ccc3ncc4c(c3n2)n(C2CCN(C(=O)CN)CC2)c(=O)n4C)cn1,1,5,test
CC(C)n1ncnc1-c1nc2c(s1)CCOc1cc(C3CN(CCO)C3)ccc1-2,1,2,train
Cc1nc(N)nc(-c2cccnc2Nc2cccc(OC(F)F)c2)n1,0,7,train
Nc1cc(C(F)F)c(-c2nc(N3C4CCC3COC4)nc(N3C4CCC3COC4)n2)cn1,0,0,ood
CC(=O)Nc1ccc(Nc2ncccc2-c2nc(C)nc3[nH]cnc23)cc1,0,7,train
COc1ccc(-c2ccc3ncc4[nH]c(=O)n(-c5ccc(C(C)(C)C#N)cc5)c4c3n2)cn1,1,5,train
Cn1cnc2c(N3CCOCC3)nc(-c3cnc(N)nc3)nc21,1,2,train
COc1ncc(-c2ccc3ncc4c(c3n2)n(C2CCN(C(C)=O)CC2)c(=O)n4C)cn1,1,5,train
Cc1ccc(-c2ccc3ncc4c(c3n2)n(C2CCOCC2)c(=O)n4C)cn1,1,5,train
Cc1ccc(-c2ccc3ncc4c(c3n2)n(C2CCC(O)CC2)c(=O)n4C)cn1,1,5,train
COc1ccc(-c2ccc3ncc4c(c3n2)n(C2CCN(C(=O)CO)CC2)c(=O)n4C)cc1,1,5,train
COc1ncc(Nc2ncc(CN3CCN(S(C)(=O)=O)CC3C)cc2-c2nc(C)nc(N)n2)cn1,1,4,test
CC(=O)Nc1nc(C)c(-c2ccc(S(C)(=O)=O)cc2)s1,0,0,ood
COc1cc2nc(C)c(C)c(N3CC(C)(C)c4ccc(N5CCOCC5)c(C)c43)c2cc1Cl,0,2,train
CC1COCCN1c1nc(-c2cnc(N)nc2C(F)(F)F)nc(N2CCOCC2)n1,1,0,ood
NC1CCC(n2c(=O)[nH]c3cnc4ccc(-c5cnc6ccccc6c5)nc4c32)CC1,1,5,train
CC(=O)N1CCC(n2c(=O)n(C)c3cnc4ccc(-c5ccc(N)nc5)nc4c32)CC1,1,5,train
O=S(=O)(Nc1cc(-c2ccc3ncc(NCC4CCCCC4)nc3c2)cnc1Cl)c1ccc(F)cc1,1,6,ood
COc1ncc(-c2ccc3ncc4c(c3n2)n(C2CCOCC2)c(=O)n4C)cn1,1,5,train
CC(C)n1ncnc1-c1cn2c(n1)-c1ccc(-c3cnn(CC(C)(C)O)c3)cc1OCC2,1,2,train
COc1cncc(-c2ccc3nc(NC(=O)NCC(=O)NCC(F)(F)F)sc3c2)c1,1,0,ood
COc1cncc(-c2ccc3nc(NC(=O)NCCCN(C)C)sc3c2)c1,1,0,ood
Cc1ccnc(-c2nc3cc(F)cc(F)c3c(N3CC(C)(C)c4ncc(N5CCOCC5)cc43)c2C)c1,1,2,train
COc1ccc(-c2cc3c(C)nc(N)nc3n(C3CCC(OCCO)CC3)c2=O)cn1,1,2,train
Cc1c(Cc2cccc(C#N)c2)nc2cc(F)cc(F)c2c1N1CC(C)(C)c2ncc(N3CCOCC3)cc21,1,1,train
N#Cc1c(N2CCOCC2)sc(-c2cn[nH]n2)c1-c1ccc(Cl)cc1,1,0,ood
Cc1nc(N)nc(-c2c(Nc3ccc4cccnc4c3)nc3ccccn23)n1,1,5,train
Cc1ccnc(-c2nc3cc(F)ccc3c(N3CCS(=O)(=O)c4ncc(N5CCOCC5)cc43)c2C)c1,1,2,train
Cc1nc(N)nc(-c2cc(C(C)N3CCN(S(C)(=O)=O)CC3)cnc2Nc2ccc3scnc3c2)n1,1,4,test
COc1ncc(Nc2ncc(C(C)(C)O)nc2-c2cc(N)nc(C)n2)cc1F,1,7,train
Cc1ccc(-c2ccc3ncc4c(c3n2)n(C2CCN(CC(N)=O)CC2)c(=O)n4C)cn1,1,5,train
COc1ncc(Nc2ncc(C(C)N)cc2-c2nc(C)nc(N)n2)cc1F,1,7,test
COC(C)(C)c1cc2nc(-c3cnc(N)nc3)nc(N3CCOCC3)c2s1,1,2,train
COc1ccc(-c2ccc3ncc4c(c3n2)n(C2CCN(C(C)=O)CC2)c(=O)n4C)cn1,1,5,test
CC(C)C(=O)N1CCC(n2c(=O)n(C)c3cnc4ccc(-c5cnc6ccccc6c5)nc4c32)CC1,1,5,test
CNC(=O)c1ccc2c(c1)OCCc1cc(C(=O)N(C)c3ccc(C(=O)N(C)C)cc3Cl)sc1-2,1,1,train
COCC(=O)N1CCC(n2c(=O)n(C)c3cnc4ccc(-c5cnc(OC)nc5)nc4c32)CC1,1,5,train
CS(=O)(=O)C1CCN(Cc2cc3c(N4CCOCC4)nc(-c4cnc(N)nc4)nc3s2)CC1,1,1,test
Cc1nc(-c2cc(Cc3ccc(S(C)(=O)=O)cc3)cnc2Nc2ccc(N)nc2)c2nc[nH]c2n1,1,4,test
COc1ccc(Nc2ncc(CNCCO)cc2-c2nc(C)nc(N)n2)cn1,0,7,train
Cc1nc(N)nc(-c2cc(CN3CCN(S(C)(=O)=O)CC3)cnc2Nc2cnc3c(c2)ncn3C)n1,1,4,train
CN(C(=O)c1cc2c(s1)-c1ccc(C#N)cc1OCC2)c1ccccc1Cl,1,1,train
C=Cc1cnc(Nc2cnc(Cl)c(NS(C)(=O)=O)c2)c(-c2cc(N)nc(C)n2)c1,1,7,train
CN(C(=O)c1cc2c(s1)-c1ccc(C(=O)NCCN)cc1OCC2)c1ccccc1Cl,1,1,test
CCC(Oc1ccc2c(c1)OCCn1cc(-c3ncnn3C(C)C)nc1-2)C(N)=O,1,2,train
COc1ccc(-c2ccc3ncc4c(c3n2)n(C2CCN(C(=O)CN(C)C)CC2)c(=O)n4C)cn1,1,5,train
COc1ccc(Nc2nc(N(C)C)ncc2-c2nc(C)nc(N)n2)cn1,1,7,test
COc1ccc(Nc2ncc(CN3CCN(C(C)=O)CC3)cc2-c2nc(C)nc3[nH]cnc23)cn1,1,4,train
Cc1c(-c2ccccn2)nc2cc(F)ccc2c1N1CC(C)(C)c2ccc(-c3nc(N)ncc3Cl)cc21,0,2,test
COc1ccc(Nc2ncc(C(C)N3CCN(S(C)(=O)=O)CC3)cc2-c2nc(C)nc3[nH]cnc23)cn1,1,4,train
COc1ccc(Nc2ncccc2-c2nc(C)nc(N)n2)cc1F,0,7,train
Cc1nc(-c2cccnc2Nc2cnc(Cl)c(NS(C)(=O)=O)c2)c2nc[nH]c2n1,1,7,train
CN(C(=O)c1cc2c(s1)-c1cc(C(N)=O)ccc1OCC2)c1ccccc1Cl,1,1,train
CC(C)n1ncnc1-c1cn2c(n1)-c1ccc(N3CCCCC3C(N)=O)cc1OCC2,1,2,test
CC(C)N1CCN(c2cnc3ccc(-c4cnc(Cl)c(NS(=O)(=O)c5ccc(F)cc5)c4)cc3n2)CC1,1,6,ood
Cc1nc(NCC#N)nc(-n2c(Nc3cccc(O)c3)nc3ccccc32)n1,1,5,train
COc1ccc(Nc2ncc(CN3CCS(=O)(=O)CC3)cc2-c2nc(C)nc(N)n2)cn1,1,4,train
COc1ccc(-c2ccc3ncc4c(c3n2)n(C2CCN(C(=O)C(C)O)CC2)c(=O)n4C)cc1,1,5,train
Cc1nc(N)nc2c1c(-c1ccc3oc(N)nc3c1)nn2C(C)C,0,2,train
COc1ccc(-c2ccc3ncc4[nH]c(=O)n(C5CCC(OCCO)CC5)c4c3n2)cn1,1,5,train
Cn1c(=O)n(C2CCN(C(=O)C(C)(C)N)CC2)c2c3nc(-c4cnc5ccccc5c4)ccc3ncc21,1,5,test
COc1cncc(-c2ccc3nc(NC(=O)NCCc4c[nH]cn4)sc3c2)c1,1,6,ood
Cc1nc(N)nc(-c2cc(CN3CCOCC3)cnc2Nc2cnc(Cl)c(NS(C)(=O)=O)c2)n1,1,4,train
CC(O)C(=O)N1CCC(n2c(=O)n(C)c3cnc4ccc(-c5cccc6[nH]ncc56)nc4c32)CC1,1,5,train
CN(C(=O)c1cc2c(s1)-c1ccc(-c3cn[nH]c3)cc1OCC2)c1ccccc1Cl,1,1,train
COc1ccc(Nc2ncc(-c3ccnnc3)cc2-c2nc(C)nc(N)n2)cn1,1,4,test
COCCNc1cnc(Nc2ccc(OC)nc2)c(-c2nc(C)nc3[nH]cnc23)c1,0,7,train
CC(C)n1ncnc1-c1nc2c(s1)CCOc1cc(C3CN(C(=O)C(C)(C)N)C3)ccc1-2,1,2,train
Cc1nc(N)nc(-c2cc(CN3CCN(S(C)(=O)=O)CC3C)cnc2Nc2ccc(Cl)nc2)n1,1,4,train
CC1(C)CN(c2nc(-c3cnc(N)cc3C(F)F)nc(N3CCOC(C)(C)C3)n2)CCO1,0,0,ood
Cn1c(=O)n(C2CCC(OCCO)CC2)c2c3nc(-c4cnc5ccccc5c4)ccc3ncc21,1,5,test
COc1ccc(Nc2ncccc2-c2nc(C)nc3nc[nH]c23)cn1,1,7,train
COc1ncc(Nc2ncc(C(C)CO)cc2-c2nc(C)nc(N)n2)cc1F,1,7,train
CC(=O)Nc1nc2ccc(-c3ccnc(Cc4ccccc4)n3)cc2s1,0,4,test
O=S(=O)(Nc1cc(-c2ccc3ncc(NCCc4ccccc4)nc3c2)cnc1Cl)c1ccc(F)cc1,1,6,ood
Nc1cc(C(F)F)c(-c2nc(N3CC4CCC(C3)O4)nc(N3CC4CCC(C3)O4)n2)cn1,0,0,ood
CC(C)n1nc(-c2ccc3oc(N)nc3c2)c2c(Br)nc(N)nc21,0,2,test
CC(=O)Nc1nc2ccc(-c3ccnc(OCc4ccc(C)cc4)n3)cc2s1,1,6,ood
CC(=O)Nc1nc2ccc(-c3ccnc(NS(=O)(=O)c4ccc(C)cc4)n3)cc2s1,1,6,ood
COc1ncc(Nc2nc3ccccn3c2-c2nc(C)nc(N)n2)cc1F,1,5,train
Cc1nc(NC(=O)N2CCCC2C(N)=O)sc1-c1ccc(-n2cccn2)cc1,1,6,ood
O=c1cc(N2CCOCC2)oc2c(-c3ccccc3)cccc12,0,2,train
Cc1nc(N)ncc1-c1nc(N2CCOCC2)c2nc(C(C)(C)O)n(CCO)c2n1,1,2,train
COc1ccc(Nc2ncc(C(O)c3ccc(S(=O)(=O)N(C)C)cc3)cc2-c2nc(C)nc(N)n2)cn1,1,4,train
Cc1c(-c2cccnc2)nc2cc(F)ccc2c1N1CC(C)(C)c2ccc(N3CCOCC3)cc21,1,2,train
CC(=O)Nc1nc(C)c(-c2ccc(S(C)(=O)=O)c(C#N)c2)s1,1,0,ood
COc1cc2nc(C)c(C)c(N3CCS(=O)(=O)c4ccc(N5CCOCC5)cc43)c2cc1Cl,1,2,train
Cc1c(-c2ccccn2)nc2cc(F)ccc2c1N1CC(C)(C)c2ncc(C(N)=O)cc21,0,2,train
CC(=O)Nc1ccc(Nc2ncc(CN3CCN(S(C)(=O)=O)CC3)cc2-c2nc(C)nc(N)n2)cc1,0,4,test
COc1ccc(S(=O)(=O)Nc2cc(-c3ccc4nc(NC(C)=O)sc4c3)cnc2C#N)cc1,1,6,ood
CCc1nc2ccccc2n1-c1nc(N2CCOCC2)c2nc(CN3CCN(C(C)(C)C(N)=O)CC3)n(C)c2n1,0,1,train
COCCN(C)S(=O)(=O)Nc1cc(Nc2ncc(Cl)cc2-c2nc(C)nc(N)n2)cnc1Cl,1,7,train
Cc1nc(N)nc(-c2cc(CN3CCN(S(C)(=O)=O)CC3)cnc2Nc2ccc(C(F)(F)F)nc2)n1,0,4,test
O=S(=O)(Nc1cc(-c2ccc3ncc(NCCN4CCOCC4)nc3c2)cnc1Cl)c1ccc(F)cc1,1,6,ood
Cc1ccc(-c2ccc3ncc4c(c3n2)n(C2CCOCC2)c(=O)n4CCO)cn1,1,5,train
Cc1c(-c2cc(C(F)(F)F)cc(C(F)(F)F)c2)nc2cccc(F)c2c1N1CC(C)(C)c2ccc(N3CCOCC3)cc21,0,2,train
Cn1cc(-c2ccc3ncc4[nH]c(=O)n(-c5ccc(C(C)(C)C#N)cc5)c4c3n2)cn1,1,5,train
Cc1nc(-c2cn3c(n2)-c2ccc(-c4cnn(C)c4)cc2OCC3)n(C(C)C)n1,1,2,train
Cc1nc(N)nc(-c2cc(Cl)cnc2NC2CCOCC2)n1,0,7,test
Cc1nc(N)cc(-c2cccnc2Nc2cnc(Cl)c(NS(=O)(=O)N(C)C)c2)n1,0,7,train
COc1ccc(C(=O)Nc2nccc(-c3ccc4nc(NC(C)=O)sc4c3)n2)cc1,0,6,ood
COc1ccc(Nc2ncc(N3CCN(S(C)(=O)=O)CC3)cc2-c2nc(C)nc3[nH]cnc23)cn1,1,4,train
Cc1c(-c2cc(F)ccc2F)nc2cc(F)ccc2c1N1CC(C)(C)c2ccc(N3CCOCC3)cc21,1,2,test
COc1ncc(Nc2ncc(C=O)cc2-c2nc(C)nc(N)n2)cc1F,1,7,train
COc1ccc(Nc2ncc(C(O)c3cc(Br)ccc3S(=O)(=O)N(C)C)cc2-c2nc(C)nc(N)n2)cn1,1,4,train
Cn1c(=O)n(C2CCC(C(=O)OCc3ccccc3)CC2)c2c3nc(-c4cnc5ccccc5c4)ccc3ncc21,1,5,test
COc1ccc(COc2nccc(-c3ccc4nc(NC(C)=O)sc4c3)n2)cc1,1,6,ood
c1cnc(Nc2cccc3n[nH]cc23)c(-c2ncnc3nc[nH]c23)c1,0,7,test
CNC(=O)Nc1ccc(-c2ccc3ncc4c(c3n2)n(C2CCN(C(=O)CO)CC2)c(=O)n4C)cc1,1,5,test
Cc1c(-c2ccccn2)nc2cc(F)cc(F)c2c1N1CC2(CCOCC2)c2ncc(N3CCOCC3)cc21,1,3,ood
COc1ncc(-c2ccc3ncc4c(c3n2)n(C2CCC(O)CC2)c(=O)n4C)cn1,1,5,train
CC(C)n1nc(N)nc1-c1nc2c(s1)CCOc1cc(-c3cnn(CC(C)(C)O)c3)ccc1-2,1,2,train
COc1cccc(NCc2cnc(Nc3ccc(OC)nc3)c(-c3nc(C)nc4[nH]cnc34)c2)c1,1,7,train
Cc1nc(N)nc(-c2c(Nc3ccc4ccncc4c3)nc3ccccn23)n1,1,5,train
Cc1nc(N)nc(-c2cc(C(C)N3CCN(C(=O)N(C)C)CC3)cnc2Nc2ccc3scnc3c2)n1,1,4,test
CC1COCCN1c1cc(-c2cnc(N)cc2C(F)F)nc(N2CCOCC2)n1,1,0,ood
Cc1c(N2CCOC(C)(C)C2)nc2cc(F)cc(F)c2c1N1CC(C)(C)c2ncc(N3CCOCC3)cc21,1,2,train
Cc1c(-c2ccccc2S(C)(=O)=O)nc2cc(F)ccc2c1N1CC2(CCOCC2)c2ccc(N3CCOCC3)cc21,1,3,ood
CN1CCC(n2c(=O)n(C)c3cnc4ccc(-c5cnc6[nH]ncc6c5)nc4c32)CC1,1,5,train
Cc1c(Cc2cccc(C(F)(F)F)c2)nc2cc(F)cc(F)c2c1N1CC(C)(C)c2ncc(N3CCOCC3)cc21,1,1,train
COc1ncc(Nc2ncc(C(C)(C)O)cc2-c2nc(C)nc(N)n2)cc1C(F)(F)F,0,7,train
COCCOc1cnc(Nc2cnc(Cl)c(NS(C)(=O)=O)c2)c(-c2nc(C)nc(N)n2)c1,1,7,train
Cc1nc(N)nc(-c2cc(CN3CCOCC3)cnc2Nc2cnc(Cl)c(NS(=O)(=O)N(C)C)c2)n1,1,4,train
O=S(=O)(Nc1cc(-c2cnc3ccc(N4CCOCC4)cn23)cnc1Cl)c1ccc(F)cc1,1,1,test
COc1ccc(Nc2ncc(C(N)c3ccc(S(=O)(=O)N(C)C)cc3)cc2-c2nc(C)nc(N)n2)cn1,1,4,train
CNC(=O)N1CCC(n2c(=O)n(C)c3cnc4ccc(-c5cnc6ccccc6c5)nc4c32)CC1,1,5,test
Cc1ccc(-c2nc(C)nc(N)n2)c(Nc2cncc(F)c2)n1,0,7,test
Cn1c(=O)n(C2CCOCC2)c2c3nc(-c4cnc(N)nc4)ccc3ncc21,1,5,test
CCNC(=O)Nc1ccc(-c2nc3c(c(N4CC5CCC(C4)O5)n2)CS(=O)(=O)CC3)cc1,0,0,ood
CCc1nc2ccccc2n1-c1nc(N2CCOCC2)c2sc(C(=O)N3CCN(C(C)(C)C(N)=O)CC3)c(C)c2n1,0,1,train
CCNC(=O)Nc1ccc(-c2nc(N3CCOCC3C)c3nc(C(C)(C)O)n(CCO)c3n2)cc1,0,2,train
CC(=O)Nc1nc(C)c(-c2ccc(C(C)=O)cc2)s1,0,0,ood
O=S(=O)(Nc1cc(-c2ccc3nnccc3c2)cnc1Cl)c1ccc(F)cc1,1,6,ood
COc1ncc(Nc2nc3ccc(N4CCN(C(C)C)CC4)cn3c2-c2nc(C)nc(N)n2)cc1F,1,5,train
COc1ccc(Nc2ncc(C3(N4CCN(S(C)(=O)=O)CC4)CC3)cc2-c2nc(C)nc(N)n2)cn1,1,4,train
Cc1ccnc(-c2nc3cc(F)ccc3c(N3CC4(CCOCC4)c4ncc(N5CCOCC5)cc43)c2C)c1,1,3,ood
O=S(=O)(Nc1cc(-c2ccc3nccnc3c2)cnc1Cl)c1ccc(F)cc1,1,6,ood
O=S(=O)(Nc1cc(-c2ccc3ncccc3n2)cnc1Cl)c1ccc(F)cc1,1,6,ood
CC(=O)Nc1nc2ccc(-c3ccnc(Sc4ccc(C)cc4)n3)cc2s1,1,4,test
O=c1[nH]c(=O)n(CC2C3CCC(CC3)C2Nc2nc(-c3c[nH]c4ncc(F)cc34)ncc2F)o1,0,1,train
COc1ccc(Nc2cnc(Nc3ccc(OC)nc3)c(-c3nc(C)nc4[nH]cnc34)c2)cc1,1,4,train
O=S(=O)(Nc1cc(-c2ccc3nc[nH]c3c2)cnc1Cl)c1ccc(F)cc1,1,6,ood
COc1ccc(Nc2ncc(NCc3ccccc3)cc2-c2nc(C)nc3[nH]cnc23)cn1,1,7,train
O=S(=O)(Nc1cc(-c2ccc3ncoc3c2)cnc1Cl)c1ccc(F)cc1,1,6,ood
Cc1c(-c2ccccn2)nc2cccc(F)c2c1N1CC2(CCOCC2)c2ncc(N3CCOCC3)cc21,1,3,ood
Cc1nc(N)nc(-c2cc(Cl)cnc2Nc2cnc(Cl)c(NS(=O)(=O)c3cccnc3)c2)n1,1,7,train
Cc1cncc(-c2nc3cc(F)cc(F)c3c(N3CC(C)(C)c4ncc(N5CCOCC5)cc43)c2C)c1,1,2,train
COc1ccc(Nc2nc3ccccc3cc2-c2nc(C)nc3[nH]cnc23)cn1,1,4,train
Nc1cc(C(F)F)c(-c2nc(N3CCOCC34CCC4)nc(N3CCOCC34CCC4)n2)cn1,0,0,ood
Nc1cc(C(F)F)c(-c2nc(N3CCOCC3)cc(N3CCOCC3)n2)cn1,1,0,ood
CCc1cnc(Nc2ccc(OC)nc2)c(-c2nc(C)nc3[nH]cnc23)c1,1,7,train
Cc1c(-c2ccncc2)nc2cc(F)ccc2c1N1CC2(CCOCC2)c2ccc(N3CCOCC3)cc21,0,3,ood
COc1ncc(Nc2ncc(CN3CCN(S(C)(=O)=O)CC3)cc2-c2nc(C)nc(N)n2)cn1,1,4,train
COc1ccc(C2=CC3C(C)=NC(N)=NC3N(C3CCC(OCCO)CC3)C2=O)cn1,1,2,test
COc1ncc(Nc2ncc(CN3CCOCC3)cc2-c2nc(C)nc(N)n2)cc1F,1,4,train
Cc1nc(N)nc(-c2cccnc2Nc2cnc(Cl)c(NS(C)(=O)=O)c2)n1,1,7,train
CNCc1ccc2c(c1)OCCc1cc(C(=O)N(C)c3ccccc3Cl)sc1-2,1,1,test
CC(C)n1ncnc1-c1cn2c(n1)-c1ccc(N3CCC3C(N)=O)cc1OCC2,1,2,train
Cc1nc2c(C)cccc2c(N2CC3(CCOCC3)c3ccc(N4CCOCC4)cc32)c1C,0,3,ood
COc1ccc(Nc2ncc(CNC(C)C)cc2-c2nc(C)nc3[nH]cnc23)cn1,0,7,train
O=S(=O)(Nc1cc(-c2ccc3nccn3c2)cnc1Cl)c1ccc(F)cc1,1,6,ood
CC(=O)N1CCC(n2c(=O)n(C)c3cnc4ccc(-c5ccc(N(C)C)nc5)nc4c32)CC1,1,5,test
Cc1c(-c2ccccn2)nc2c(F)cccc2c1N1CC(C)(C)c2ccc(N3CCOCC3)cc21,1,2,test
COc1ncc(Nc2ncc(C(=O)N3CCN(S(C)(=O)=O)CC3)cc2-c2nc(C)nc(N)n2)cc1F,1,4,train
CC(=O)N1CCC(n2c(=O)n(C)c3cnc4ccc(-c5ccnc6ncccc56)nc4c32)CC1,1,5,train
COc1cc(OC)c2nc(C)c(C)c(N3CC(C)(C)c4ccc(N5CCOCC5)cc43)c2c1,0,2,train
Cc1c(-c2ccccn2)nc2cc(F)ccc2c1N1CC(C)(C)c2ccc(N3CCOCC3)cc21,1,2,train
COc1ncc(Nc2ncc(C3CCOCC3)cc2-c2nc(C)nc(N)n2)cc1F,1,4,test
Cn1c(=O)n(C2CCN(C(=O)C(C)(C)O)CC2)c2c3nc(-c4cnc5[nH]ncc5c4)ccc3ncc21,1,5,train
COc1cncc(Nc2ncc(CN3CCN(S(C)(=O)=O)CC3)cc2-c2nc(C)nc(N)n2)c1,1,4,train
Cc1nc(N)nc(-c2cc(F)cnc2Nc2cncc(F)c2)n1,0,7,train
COc1ncc(Nc2ncc(C(OC(=O)c3cccc(Cl)c3)C(C)(C)O)cc2-c2nc(C)nc(N)n2)cc1F,1,4,train
Cc1c(-c2ccccn2)nc2cc(F)ccc2c1N1CC2(CCOCC2)c2ncc(-c3cn[nH]c3)cc21,0,3,ood
Cc1c(-c2ccccn2)nc2cc(F)ccc2c1N1CC(C)(C)c2nc(Br)c(N3CCOCC3)cc21,1,2,train
COc1ncc(Nc2ncc(C(C)N3CCN(S(C)(=O)=O)CC3)cc2-c2cc(N)nc(C)n2)cc1F,1,4,train
CC(=O)Nc1nc2ccc(-c3ccnc(CCc4ccccc4)n3)cc2s1,0,6,ood
COC(=O)N1CCN(Cc2cnc(Nc3ccc(OC)nc3)c(-c3nc(C)nc4[nH]cnc34)c2)CC1,1,4,test
COc1ncc(Nc2ncccc2-c2nc(C)nc(N)n2)cc1F,1,7,test
Cc1c(-c2ccccn2)nc2cc(F)ccc2c1N1CC(C)(C)c2ncc(-c3cn[nH]c3)cc21,1,2,train
CN(C)c1ccc(-c2ccc3ncc4c(c3n2)n(C2CCN(CC(F)(F)F)CC2)c(=O)n4C)cn1,1,5,train
Cn1c(=O)n(C2CCC(O)CC2)c2c3nc(-c4cccc5[nH]ccc45)ccc3ncc21,1,5,test
Cc1nc(N)nc(-c2cccnc2Nc2cccc3[nH]ccc23)n1,0,7,test
CS(=O)(=O)Nc1cc(-c2cnc3cc(-c4cccnc4)ccn23)cnc1Cl,1,2,train
CCS(=O)(=O)c1cnc(Nc2cnc(OC)c(F)c2)c(-c2nc(C)nc(N)n2)c1,0,7,train
Cc1ncccc1-c1nc2cc(F)ccc2c(N2CC(C)(C)c3ncc(N4CCOCC4)cc32)c1C,1,2,train
Cc1c(-c2ccccc2)nc2ccccc2c1N1CC2(CCOCC2)c2ccc(N3CCOCC3)cc21,1,3,ood
Cc1nc(N)nc(-c2cc(CN3CCN(S(C)(=O)=O)CC3)cnc2Nc2ccc3ocnc3c2)n1,1,4,test
COc1ccc(Nc2ncc(N3CCN(C)CC3)cc2-c2nc(C)nc(N)n2)cn1,1,4,test
Cc1nc(N)nc(-c2cc(C(C)N3CCN(S(C)(=O)=O)CC3)cnc2Nc2ccc(Cl)nc2)n1,1,4,train
COc1ccc(Nc2nc(-c3ccc(F)cc3)ncc2-c2nc(C)nc(N)n2)cn1,0,4,train
CCNC(=O)Nc1ccc(-c2nc(N3CCOCC3C)c3c(n2)nc(C(C)(C)O)n3C)cc1,0,2,train
CC(C)n1ncnc1-c1nc2c(s1)CCOc1cc(-c3cnn(CS(C)(=O)=O)c3)ccc1-2,1,2,train
COc1ccc(Nc2ncc(CN3CCOCC3=O)cc2-c2nc(C)nc(N)n2)cn1,1,4,test
Cc1cc(C(=O)Nc2cnc3[nH]ccc3c2)c2nc(C)nc(N)c2c1,1,7,train
Cc1c(-c2cc(C(F)(F)F)cc(C(F)(F)F)c2)nc2cc(F)ccc2c1N1CC(C)(C)c2ccc(N3CCOCC3)cc21,0,2,test
Cc1c(-c2cncc(S(C)(=O)=O)c2)nc2cc(F)cc(F)c2c1N1CC(C)(C)c2ncc(N3CCOCC3)cc21,1,2,train
N#Cc1c(N2CCOCC2)sc(C(N)=O)c1-c1ccc(Cl)cc1,1,0,ood
Cc1cc(-c2cccnc2Nc2cccc(O)c2)nc(N)n1,0,7,train
Cc1ccc(-c2ccc3ncc4c(c3n2)n(C2CCN(C(=O)CO)CC2)c(=O)n4C)cn1,1,5,train
Cc1c(N2CCCC2=O)nc2cc(F)ccc2c1N1CC2(CCOCC2)c2ncc(N3CCOCC3)cc21,1,3,ood
Cc1nc2ccc(Cl)cc2c(N2CC3(CCOCC3)c3ccc(N4CCOCC4)cc32)c1C,1,3,ood
CC(=O)Nc1nc2ccc(-c3ccnc(OCCN4CCOCC4)n3)cc2s1,0,6,ood
CC(=O)Nc1nc2ccc(-c3ccnc(N(C)S(=O)(=O)c4ccc(C)cc4)n3)cc2s1,1,6,ood
Cn1c(=O)n(C2CCC(O)CC2)c2c3nc(-c4cnc5ccccc5c4)ccc3ncc21,1,5,train
COc1ncc(Nc2ncc(C(C)(C)C(=O)O)cc2-c2nc(C)nc(N)n2)cc1F,0,7,test
CN(C(=O)c1cc2c(s1)-c1ccccc1OCC2)c1ccncc1Cl,0,1,train
CC(O)C(=O)N1CCC(n2c(=O)n(C)c3cnc4ccc(-c5ccnc6[nH]ncc56)nc4c32)CC1,1,5,train
COCCOc1ccc(-c2nc(C)nc(N)n2)c(Nc2cnc(OC)c(F)c2)n1,1,7,test
Cc1c(-c2cc(F)cc(F)c2)nc2cnccc2c1N1CC2(CCOCC2)c2ncc(N3CCOCC3)cc21,1,3,ood
O=S(=O)(Nc1cc(-c2cnc3ncccn23)cnc1Cl)c1ccc(F)cc1,0,1,train
COc1ccc(Nc2ncc(CNC(C)(C)C)cc2-c2nc(C)nc3[nH]cnc23)cn1,0,7,test
COc1ccc(Nc2ncc(CC3CCN(S(C)(=O)=O)CC3)cc2-c2nc(C)nc(N)n2)cn1,1,4,train
Cc1nc(N)nc(-c2cccnc2Nc2cnc(Cl)c(NS(=O)(=O)N(C)C)c2)n1,1,7,test
COc1ccc(Nc2ncc(C(O)c3ccc(S(C)(=O)=O)cc3)cc2-c2nc(C)nc3[nH]cnc23)cn1,1,4,train
COc1ncc(Nc2ncccc2-c2nc(C)nc3[nH]cnc23)cn1,1,7,train
COc1ccc(-c2ccc3ncc4c(c3n2)n(CCN2CCOCC2)c(=O)n4C)cn1,1,5,train
COc1ncc(Nc2ncc(C(C)(C)N3CCN(S(C)(=O)=O)CC3)cc2-c2nc(C)nc(N)n2)cc1F,1,4,train
O=S(=O)(Nc1cc(-c2ccc3ncc(N4CCC(F)(F)CC4)nc3c2)cnc1Cl)c1ccc(F)cc1,1,6,ood
COCC1OC(=O)c2coc3c2C1(C)C1=C(C3=O)C2CCC(=O)C2(C)CC1OC(C)=O,0,5,train
COc1ncc(-c2ccc3ncc4c(c3n2)n(C2CCN(C(=O)CN(C)C)CC2)c(=O)n4C)cn1,1,5,train
Cc1n[nH]c(-c2cn3c(n2)-c2ccc(-c4cnn(CCO)c4)cc2OCC3)n1,1,2,train
COc1cc(N)ncc1-c1nc(N2CCOCC2)nc(N2CCOCC2)n1,0,0,ood
Cc1nc(-c2cn3c(n2)-c2ccc(-c4cnn(CCN5CCOCC5)c4)cc2OCC3)n(C(C)C)n1,1,1,test
COc1cc2nc(C)c(C)c(N3CC(C)(C)c4ccc(N5CCOCC5)cc43)c2cc1Cl,0,2,test
COc1ccc(Nc2ncc(Cc3ccc(S(C)(=O)=O)cc3)cc2-c2nc(C)nc3[nH]cnc23)cn1,1,4,train
Cc1nc2ccc(Cl)cc2c(-n2ccc3c(C#N)cc(-c4cn[nH]c4)cc32)c1C,0,2,train
Cc1nc(N)nc(-c2cc(CN3CCN(S(C)(=O)=O)CC3)cnc2Nc2cncc(F)c2)n1,1,4,train
CC(C)n1ncnc1-c1cn2c(n1)-c1cnc(OCC(N)=O)cc1OCC2,1,2,train
COc1ncc(Nc2ncc(C(C)N3CCN(S(C)(=O)=O)CC3C)cc2-c2cc(N)nc(C)n2)cc1F,1,4,train
Cn1c(=O)n(C2CCNCC2)c2c3nc(-c4cnn(CCO)c4)ccc3ncc21,1,5,train
Cc1nc(N)nc(-c2cc(CN3CCOCC3)cnc2Nc2ccc3scnc3c2)n1,1,4,train
CN(C)CC(=O)N1CCC(n2c(=O)n(C)c3cnc4ccc(-c5ccc(N(C)C)nc5)nc4c32)CC1,1,5,train
Cc1c(-c2ccccc2)nc2ncccc2c1N1CC(C)(C)c2ncc(N3CCOCC3)cc21,1,2,train
COc1ccc(Nc2ncc(C(C)(C)N)cc2-c2nc(C)nc(N)n2)cn1,1,7,train
COc1cc(Nc2ncc(C(C)(C)O)cc2-c2nc(C)nc(N)n2)cnc1Cl,1,7,train
COc1cccc(Nc2cnc(Nc3ccc(OC)nc3)c(-c3nc(C)nc4[nH]cnc34)c2)c1,1,4,train
COc1ccc(Nc2ncc(Cc3ccccc3)cc2-c2nc(C)nc(N)n2)cn1,1,4,train
CCNC(=O)Nc1ccc(-c2nc(N3CC4CC3CO4)c3c(cnn3C)n2)cc1,0,2,train
Cc1cnc(Nc2cccnc2)c(-c2nc(C)nc(N)n2)c1,0,7,train
Cc1c(-c2ccccc2F)nc2cccc(F)c2c1N1CCS(=O)(=O)c2ccc(N3CCOCC3)cc21,1,2,train
COc1ncc(Nc2ncc(C(C)NC(C)C)cc2-c2nc(C)nc(N)n2)cc1F,1,7,train
COc1ccc(Nc2ncc(Cc3ccc(S(C)(=O)=O)cc3)cc2-c2nc(C)nc(N)n2)cn1,1,4,train
Cc1cc(NC(=O)CCNC(=O)Nc2nc(C)c(-c3ccc(-n4cccn4)cc3)s2)no1,0,6,ood
COc1ccc(Nc2ncc(CN3CCN(S(C)(=O)=O)CC3)cc2-c2nc(C)nc3[nH]cnc23)cn1,1,4,train
COc1ccc(NC(=O)c2cc(C)cc3c(N)nc(C)nc23)cn1,1,7,train
COc1cncc(-c2ccc3nc(NC(=O)NCCc4cncn4C)sc3c2)c1,1,6,ood
CC(=O)Nc1nc2ccc(-c3ccnc(NS(=O)(=O)c4ccccc4F)n3)cc2s1,1,6,ood
Nc1cc(C(F)F)c(-c2nc(N3C4CCC3COC4)cc(N3C4CCC3COC4)n2)cn1,0,0,ood
Cc1nc(N)nc(-c2cc(CN3CCN(S(C)(=O)=O)CC3)cnc2Nc2cn[nH]c2)n1,0,4,train
COC(=O)Nc1ccc2c(c1)OCCc1cc(-c3nncn3-c3ccccc3Cl)sc1-2,1,2,train
CC(=O)N1CCC(n2c(=O)n(C)c3cnc4ccc(-c5ccc(S(C)(=O)=O)cc5)nc4c32)CC1,1,5,train
Cn1c(C2(O)COC2)nc2c(N3CCOCC3)nc(-c3cnc(N)nc3)nc21,1,0,ood
Cn1c(=O)n(C2CCN(C(=O)CO)CC2)c2c3nc(-c4cnc5[nH]ncc5c4)ccc3ncc21,1,5,test
CN(C)c1ccc(-c2ccc3ncc4c(c3n2)n(C2CCOCC2)c(=O)n4C)cn1,1,5,train
O=S(=O)(Nc1cc(-c2ccc3ncccc3c2)cnc1Cl)c1ccc(F)cc1,1,6,ood
COc1cc(Nc2ncccc2-c2nc(C)nc(N)n2)ccc1F,0,7,train
COc1ccc(-c2ccc3ncc4c(c3n2)n(C2CCOCC2)c(=O)n4C)cn1,1,5,train
O=S(=O)(Nc1cc(-c2ccc3ncc(N4CC5CCC(CC5)C4)nc3c2)cnc1Cl)c1ccc(F)cc1,1,6,ood
Cc1nc(-c2cc(CO)cnc2Nc2cccc3[nH]ncc23)c2nc[nH]c2n1,1,7,train
CC(=O)Nc1nc2ccc(-c3ccnc(Sc4ccc(F)cc4)n3)cc2s1,1,4,train
CCNC(=O)Nc1nc2ccc(-c3cncc(OC)c3)cc2s1,1,0,ood
Cc1c(-c2ccccn2)nc2ncccc2c1N1CC2(CCOCC2)c2ncc(N3CCOCC3)cc21,1,3,ood
CCn1cnc(CCNC(=O)Nc2nc3ccc(-c4cncc(OC)c4)cc3s2)c1,0,6,ood
COc1ccc(Nc2nc3ccc(N4CCNCC4)cn3c2-c2nc(C)nc(N)n2)cn1,1,5,train
Cc1nc(-c2nc3c(s2)CCOc2cc(-c4cnn(CCO)c4)ccc2-3)n(C(C)C)n1,1,2,test
Cc1nc(N)nc(-c2c(Nc3ccc4ncccc4c3)nc3ccccn23)n1,0,5,train
CCn1nnc(CCNC(=O)Nc2nc(C)c(-c3ccc(S(C)(=O)=O)c(F)c3)s2)n1,0,6,ood
Cc1c(-c2cccc(F)c2)nc2ncccc2c1N1CC(C)(C)c2ncc(N3CCOCC3)cc21,1,2,train
CC(C)n1ncnc1-c1nc2c(s1)CCOc1cc(C3CN(C(C)(C)C(N)=O)C3)ccc1-2,1,2,test
Cc1nc(N)nc(-c2c(Nc3cccc4[nH]ncc34)nc3ccccn23)n1,1,7,train
N#CCNc1ncnc(-n2c(Nc3cccc(O)c3)nc3ccccc32)n1,0,5,train
Cc1nc2ccc(Cl)cc2c(-n2ccc3c(C#N)cc(-c4ccncc4)cc32)c1C,0,2,test
CCCn1cnc(CCNC(=O)Nc2nc3ccc(-c4cncc(OC)c4)cc3s2)c1,0,6,ood
CC(=O)Nc1nc2ccc(-c3ccnc(OCCCN4CCOCC4)n3)cc2s1,0,6,ood
Cc1c(-c2cc(F)cc(F)c2)nc2ncccc2c1N1CC2(CCOCC2)c2ncc(N3CCOCC3)cc21,1,3,ood
COc1ccc(Nc2ncc(Nc3ccccc3)cc2-c2nc(C)nc3[nH]cnc23)cn1,1,4,train
Cc1nc2c(Cl)cccc2c(N2CC3(CCOCC3)c3ncc(N4CCOCC4)cc32)c1C,1,3,ood
COc1ncc(Nc2ncc(C(C)N3CCN(S(C)(=O)=O)CC3)cc2-c2nc(C)nc3[nH]cnc23)cc1F,1,4,train
COc1ccc(Nc2ccncc2-c2nc(C)nc3[nH]cnc23)cn1,0,7,train
CC(=O)Nc1nc2ccc(-c3ccnc(OCc4cccc(C)c4)n3)cc2s1,1,6,ood
Cc1nc(N)cc(-c2nccnc2Nc2cnc(Cl)c(NS(C)(=O)=O)c2)n1,0,7,train
COc1ncc(Nc2nc(CN3CCOCC3)ccc2-c2nc(C)nc(N)n2)cc1F,0,4,test
Cn1c(=O)n(C2CCC(O)CC2)c2c3nc(-c4cnc5[nH]ncc5c4)ccc3ncc21,1,5,train
Cc1cc(C(=O)Nc2ccc(C)nc2)c2nc(C)nc(N)c2c1,1,7,test
COc1ccc(Nc2ncc(CN3CCN(S(=O)(=O)N(C)C)CC3)cc2-c2nc(C)nc(N)n2)cn1,1,4,train
CC(=O)N1CCC(n2c(=O)n(C)c3cnc4ccc(-c5cnc6[nH]ncc6c5)nc4c32)CC1,1,5,train
Cc1nc(N)c2cc(CN3CCOCC3)cc(C(=O)Nc3ccn[nH]3)c2n1,1,1,train
COc1ncc(-c2ccc3ncc4c(c3n2)n(-c2ccc(C(C)(C)C#N)cc2)c(=O)n4C)cn1,1,5,test
CC(=O)Nc1ccc2c(c1)OCCc1cc(C(=O)N(C)c3ccccc3Cl)sc1-2,1,1,test
Cc1c(-c2ccccc2F)nc2cc(Cl)ccc2c1N1CC2(CCOCC2)c2ccc(N3CCOCC3)cc21,0,3,ood
COc1cncc(Nc2ncccc2-c2nc(C)nc3[nH]cnc23)c1,1,7,test
O=S(=O)(Nc1cc(-c2ccc3nccc(N4CCN(Cc5ccccc5)CC4)c3c2)cnc1Cl)c1ccc(F)cc1,1,1,train
CCNC(=O)Nc1ccc(-c2nc(N3CCOCC3CC)c3c(cnn3C)n2)cc1,0,2,train
CCc1nc2c(N3CCOCC3)nc(-c3cnc(N)nc3)nc2n1C,1,2,train
CC(C)n1ncnc1-c1cn2c(n1)-c1cnc(N)cc1OCC2,1,2,train
Cc1c(-c2ccccn2)nc2ncccc2c1N1CCOc2ccc(N3CCOCC3)cc21,0,2,test
CC(C)n1nc(-c2ccc3oc(N)nc3c2)c2c(Cl)nc(N)nc21,0,2,train
CC1(C)CN(c2c(C#N)c(-c3ccccn3)nc3cc(F)ccc23)c2cc(N3CCOCC3)cnc21,0,2,train
COc1ccc(Nc2ncc(CN3CC(O)C3)cc2-c2nc(C)nc(N)n2)cn1,1,4,test
COc1ncc(Nc2ncc(C3(N)CC3)cc2-c2nc(C)nc(N)n2)cc1F,1,4,train
COc1ccc(Nc2ncc(OC(F)F)cc2-c2nc(C)nc(N)n2)cn1,1,7,test
COc1cncc(Nc2ncc(C(C)(C)O)cc2-c2nc(C)nc(N)n2)c1,1,7,train
Cc1nc(NC(=O)N2CCCC2C(N)=O)sc1-c1ccc(S(C)(=O)=O)c(C(F)(F)F)c1,1,6,ood
Cn1c(=O)n(C2CCNCC2)c2c3nc(-c4cnc(N)nc4)ccc3ncc21,1,5,train
COc1ccc(Nc2ncc(-c3ccc(C)nc3)cc2-c2nc(C)nc(N)n2)cn1,1,4,test
Cc1c(-n2ccccc2=O)nc2cc(F)cc(F)c2c1N1CC2(CCOCC2)c2ccc(N3CCOCC3)cc21,1,3,ood
CN(C)c1ccnc2ccc(-c3cnc(Cl)c(NS(=O)(=O)c4ccc(F)cc4)c3)cc12,1,6,ood
Cc1nc(N)c2cccc(C(=O)Nc3cn[nH]c3)c2n1,1,7,train
Cc1ccc(-c2ccc3ncc4c(c3n2)n(C2CCN(C(=O)C(C)(C)O)CC2)c(=O)n4C)cn1,1,5,train
CC(=O)Nc1nc2ccc(-c3ccnc(SCc4ccccc4)n3)cc2s1,1,6,ood
N#Cc1c(N2CCOCC2)sc(-c2cc[nH]n2)c1-c1ccc(Cl)cc1,1,0,ood
Cc1ccc(S(C)(=O)=O)c(-c2nc3cc(F)cc(F)c3c(N3CC4(CCOCC4)c4ncc(N5CCOCC5)cc43)c2C)c1,1,3,ood
Cn1c(=O)n(C2CCC(O)CC2)c2c3nc(-c4cnc(N)nc4)ccc3ncc21,1,5,train
Cc1nc(N)nc(-c2cccnc2Nc2cnc(Cl)c(NS(=O)(=O)C3CC3)c2)n1,1,7,train
COc1ccc(Nc2ncc(CN3CCC3)cc2-c2nc(C)nc(N)n2)cn1,0,4,train
COc1ncc(Nc2ncc(C(N3CCN(S(C)(=O)=O)CC3)C(F)(F)F)cc2-c2nc(C)nc(N)n2)cc1F,1,4,train
Cc1cnc(Nc2cccc3[nH]ccc23)c(-c2nc(C)nc(N)n2)c1,0,7,train
CC(Oc1cc2c(cn1)-c1nc(-c3ncnn3C(C)C)cn1CCO2)C(N)=O,1,2,train
Cc1nc(N)nc(-c2cc(C(C)(C)O)cnc2Nc2cncc(S(=O)(=O)c3ccccc3)c2)n1,1,7,test
CN(C)c1cnc2ccc(-c3cnc(Cl)c(NS(=O)(=O)c4ccc(F)cc4)c3)cc2n1,1,6,ood
N#Cc1c(N2CCOCC2)sc(-c2cn[nH]c2)c1-c1ccc(Cl)cc1,0,0,ood
OCC(O)C1C2CCC(CC2)C1Nc1nc(-c2c[nH]c3ncc(F)cc23)ncc1F,0,1,train
Cc1nc(N)nc(-c2cccnc2Nc2ccc3c(c2)OC(F)(F)O3)n1,0,7,train
CC(=O)Nc1nc2ccc(-c3ccnc(Sc4ccccc4)n3)cc2s1,1,4,train
O=S(=O)(Nc1cc(-c2ccc3nncn3c2)cnc1Cl)c1ccc(F)cc1,1,6,ood
Cc1nc(N)nc(-c2cccnc2Nc2cnc(Cl)c(NS(=O)(=O)N3CCOCC3)c2)n1,1,7,train
CC(C)n1ncnc1-c1cn2c(n1)-c1ccc(OCC(N)=O)cc1OCC2,1,2,test
CCOc1ccc(Nc2ncccc2-c2nc(C)nc(N)n2)cn1,0,7,train
CCC1COCCN1c1nc(-c2cnc(N)cc2C(F)F)nc(N2CCOCC2CC)n1,1,0,ood
CNc1nc(C)nc(-c2cc(CN3CCN(S(C)(=O)=O)CC3)cnc2Nc2ccc(OC)nc2)n1,1,4,train
COCCNCc1cnc(Nc2ccc(OC)nc2)c(-c2nc(C)nc(N)n2)c1,0,7,test
Cc1nc(N)nc(-c2cc(CN3CCN(S(C)(=O)=O)CC3)cnc2Nc2cnc(O)c(F)c2)n1,1,4,test
COCc1cnc(Nc2ccc(OC)nc2)c(-c2nc(C)nc(N)n2)c1,1,7,train
N#Cc1c(N2CCOCC2)sc(C(=O)O)c1-c1ccc(Cl)cc1,0,0,ood
Cc1nc(N)c2ccc(C)c(C(=O)Nc3ccc(N(C)C)nc3)c2n1,1,7,test
Cc1nc(N)nc(-c2cc(CN3CCN(S(C)(=O)=O)CC3)cnc2Nc2cc[nH]n2)n1,0,4,train
COc1ccc(Nc2ncc(CNc3ccncc3)cc2-c2nc(C)nc3[nH]cnc23)cn1,1,7,test
CC(C)n1ncnc1-c1nc2c(s1)CCOc1cc(C3CN(CC(C)(C)O)C3)ccc1-2,1,2,train
CC(=O)c1ccc(-c2sc(NC(=O)NCCC(=O)NC(C)(C)C)nc2C)cc1,0,0,ood
Cc1c(-c2ccccn2)nc2cc(F)ccc2c1N1CC(C)(C)c2ncc(C3=CCOCC3)cc21,1,2,train
COc1ncc(Nc2ncc(C(C)O)cc2-c2nc(C)nc(N)n2)cc1F,1,7,train
CN(C)c1ccc(-c2ccc3ncc4c(c3n2)n(C2CCN(C(=O)CO)CC2)c(=O)n4C)cn1,1,5,train
COc1ccc(Nc2ncc(C(C)N3CC(S(C)(=O)=O)C3)cc2-c2nc(C)nc(N)n2)cn1,1,4,test
Cc1c(-c2cccc(S(C)(=O)=O)c2)nc2cc(F)ccc2c1N1CC2(CCOCC2)c2ccc(N3CCOCC3)cc21,0,3,ood
Cc1nc(-c2cc(Cl)cnc2Nc2cccc3[nH]ncc23)c2nc[nH]c2n1,0,7,train
Cc1cc2ncc(-c3cnc(Cl)c(NS(=O)(=O)N(C)C)c3)n2cc1-c1ccncc1,1,2,test
CC1COCCN1c1cc(-c2cnc(N)nc2C(F)F)nc(N2CCOCC2)n1,1,0,ood
COc1ccc(Nc2nc3ccccc3cc2-c2nc(C)nc(N)n2)cn1,1,4,train
COc1cccc(Sc2nccc(-c3ccc4nc(NC(C)=O)sc4c3)n2)c1,1,4,train
Nc1nc2ccc(-c3cnc(Cl)c(NS(=O)(=O)c4ccc(F)cc4)c3)cc2s1,1,6,ood
CN(C)c1ccc(-c2ccc3ncc4c(c3n2)n(C2CCOCC2)c(=O)n4CCO)cn1,0,5,train
CC(C)n1ncnc1-c1cn2c(n1)-c1cnc(OC(C)(C)C(N)=O)cc1OCC2,1,2,train
COc1ccc(COCc2cnc(Nc3cccc4[nH]ccc34)c(-c3nc(C)nc4[nH]cnc34)c2)cc1,0,7,test
CC(=O)Nc1ccc(Nc2ncc(Cl)cc2-c2nc(C)nc(N)n2)cn1,1,7,test
Cc1c(-c2cccc(C#N)c2)nc2cc(F)ccc2c1N1CC(C)(C)c2ccc(N3CCOCC3)cc21,0,2,train
Cc1nc(N)nc(-c2cc(CN3CCN(S(C)(=O)=O)CC3)cnc2Nc2ccc3ncsc3c2)n1,1,4,test
Cn1c(C2CCC2)nc2c(N3CCOCC3)nc(-c3cnc(N)nc3)nc21,1,0,ood
COc1ccc(Nc2ncc(C(C)c3ccc(S(C)(=O)=O)cc3)cc2-c2nc(C)nc(N)n2)cn1,1,4,test
CCNC(=O)c1ccc2c(c1)-c1sc(C(=O)N(C)c3ccccc3Cl)cc1CCO2,1,1,test
COc1ccc(Nc2ncc(CN3CCOCC3C)cc2-c2nc(C)nc(N)n2)cn1,1,4,test
COc1cc2nc(C)c(C)c(N3CC(C)(C)c4ccc(N5CCOCC5)cc43)c2cc1C,0,2,train
O=S(=O)(Nc1cc(-c2ccc3nccc(-c4cccnc4)c3c2)cnc1Cl)c1ccc(F)cc1,1,1,train
CC(O)C(=O)N1CCC(n2c(=O)n(C)c3cnc4ccc(-c5cnc6[nH]ncc6c5)nc4c32)CC1,1,5,test
Nc1nc2ccc(-c3cnc(Cl)c(NS(=O)(=O)c4ccc(F)cc4)c3)cc2[nH]1,0,6,ood
CNC(=O)C1CCCN1c1cc2c(cn1)-c1nc(-c3ncnn3C(C)C)cn1CCO2,1,2,train
Cc1c(-c2ccccc2S(C)(=O)=O)nc2cc(F)ccc2c1N1CC(C)(C)c2ncc(N3CCOCC3)cc21,1,2,train
Fc1cnc2[nH]cc(-c3ncc(F)c(NC4C5CCC(CC5)C4c4nnn[nH]4)n3)c2c1,0,1,train
Cc1ccc(-c2ccc3ncc4c(c3n2)n(C2CCN(C(=O)C(C)O)CC2)c(=O)n4C)cn1,1,5,train
CN(C(=O)c1cc2c(s1)-c1ccc(-c3cccc(CC(=O)O)c3)cc1OCC2)c1ccccc1Cl,1,1,test
CNC(=O)N1CCN(c2nc3cc(F)cc(F)c3c(N3CC4(CCOCC4)c4ncc(N5CCOCC5)cc43)c2C)CC1,1,3,ood
Cc1c(N2CCC2=O)nc2cc(F)cc(F)c2c1N1CC2(CCOCC2)c2ncc(N3CCOCC3)cc21,1,3,ood
COc1ccc(Nc2ncc(CN3CCNCC3)cc2-c2nc(C)nc3[nH]cnc23)cn1,1,4,train
COc1ccc(Nc2ncc(CN3CCC(CO)C3)cc2-c2nc(C)nc(N)n2)cn1,0,4,train
COc1cc(-c2cnc3ccc(Br)cn23)cnc1OC,0,2,train
COc1cc(Nc2ncc(C(C)N3CCN(S(C)(=O)=O)CC3)cc2-c2nc(C)nc(N)n2)cnc1Cl,1,4,train
Nc1cc(C(F)(F)F)c(-c2nc(N3C4CCC3COC4)cc(N3C4CCC3COC4)n2)cn1,0,0,ood
Cc1c(N2CCCC2=O)nc2cc(F)cc(F)c2c1N1CC(C)(C)c2ncc(N3CCOCC3)cc21,1,2,train
COc1ccc(Nc2ncc(CNC(C)CO)cc2-c2nc(C)nc(N)n2)cn1,0,7,test
Cc1c(N2CCCC2=O)nc2cc(F)cc(F)c2c1N1CC2(CCOCC2)c2ncc(N3CCOCC3)cc21,1,3,ood
CC(C)n1nc(N)nc1-c1nc2c(s1)CCOc1cc(-c3cnn(CCO)c3)ccc1-2,1,2,train
COCCN(C)c1cnc2ccc(-c3cnc(Cl)c(NS(=O)(=O)c4ccc(F)cc4)c3)cc2n1,1,6,ood
Cc1c(N2CCCCC2)nc2cc(F)cc(F)c2c1N1CC(C)(C)c2ccc(N3CCOCC3)cc21,1,2,test
Nc1cc(C(F)F)c(-c2nc(N3CCOCC3)nc(N3CCOCC3)n2)cn1,1,0,ood
Cc1c(Nc2ccccn2)nc2cc(F)cc(F)c2c1N1CC(C)(C)c2ncc(N3CCOCC3)cc21,1,1,train
COC1(c2nc3c(N4CCOCC4)nc(-c4cnc(N)nc4)nc3n2C)COC1,1,0,ood
COc1ccc(CNc2cnc(Nc3ccc(OC)nc3)c(-c3nc(C)nc4[nH]cnc34)c2)cc1,1,7,train
COc1ccc(Nc2ncc(CNc3ccccn3)cc2-c2nc(C)nc3[nH]cnc23)cn1,1,7,train
COc1cc(N2CCOCC2)cc2c1ccn2-c1c(C)c(C)nc2ccc(Cl)cc12,0,2,train
O=c1[nH]c2cnc3ccc(-c4cnc5ccccc5c4)nc3c2n1C1CCNCC1,1,5,train
CN(C(=O)c1cc2c(s1)-c1ccc(C(=O)N3CCOCC3)cc1OCC2)c1ccccc1Cl,1,1,train
Cc1c(-c2ccccn2)nc2cc(F)ccc2c1N1CC2(CCOCC2)c2ccc(N3CCOCC3)cc21,1,3,ood
COc1cc(Nc2ncc(C(C)(C)O)cc2-c2nc(C)nc(N)n2)cnc1OC,1,7,train
Cc1ccc(-c2ccc3ncc4c(c3n2)n(C2CCN(C(=O)CN(C)C)CC2)c(=O)n4C)cn1,1,5,train
Cc1c(N2CC(C)(C)CCC2=O)nc2cc(F)cc(F)c2c1N1CC2(CCOCC2)c2ncc(N3CCOCC3)cc21,1,3,ood
Cc1c(-c2cccc3[nH]ccc23)nc2cc(F)cc(F)c2c1N1CC(C)(C)c2ncc(N3CCOCC3)cc21,1,2,train
CC(=O)Nc1nc2ccc(-c3ccnc(OCCCc4ccncc4)n3)cc2s1,0,6,ood
COc1ccc(Nc2ncc(CN3CCN(S(C)(=O)=O)CC3)cc2-c2cc(N)nc(C)n2)cn1,1,4,train
COCCNC(=O)c1cnc(Nc2ccc(OC)nc2)c(-c2nc(C)nc(N)n2)c1,1,7,train
COCCN(C)c1cnc2c(c1)N(c1c(C)c(-c3ccccn3)nc3cc(F)ccc13)CC2(C)C,1,2,train
CC1COCCN1c1nc(-c2cnc(N)nc2C(F)F)cc(N2CCOCC2)n1,1,0,ood
CC(=O)Nc1nc(C)c(-c2ccc(S(C)(=O)=O)c(Cl)c2)s1,1,0,ood
CNC(=O)c1ccc2c(c1)OCCc1cc(C(=O)N(C)c3ccc(C(=O)N4CCN(C)CC4)cc3Cl)sc1-2,1,1,train
COc1ccc(Nc2ncc(CN3CCOCC3)cc2-c2nc(C)nc(N)n2)cn1,0,4,train
CCNc1cnc(Nc2ccc(OC)nc2)c(-c2nc(C)nc3[nH]cnc23)c1,0,7,train
O=S(=O)(Nc1cc(-c2ccc3nccc(N4CCOCC4)c3c2)cnc1Cl)c1ccc(F)cc1,1,1,train
Cc1ccc(-c2ccc3ncc4c(c3n2)n(C(C)CO)c(=O)n4C)cn1,1,2,train
COc1ccc(Nc2nc3ccccn3c2-c2nc(C)nc(N)n2)cn1,1,5,train
COc1ccc(Nc2ncc(CN3CCN(S(C)(=O)=O)CC3)cc2-c2ncnc(C)n2)cn1,0,4,test
COc1ncc(Nc2ncc(CN3CCOCC3)cc2-c2nc(C)nc(N)n2)cc1NS(C)(=O)=O,1,4,train
COc1ncc(Nc2nc(C)ccc2-c2nc(C)nc(N)n2)cc1F,1,7,test
COCCNc1ccnc2ccc(-c3cnc(Cl)c(NS(=O)(=O)c4ccc(F)cc4)c3)cc12,1,6,ood
COCCN1CCC(n2c(=O)n(C)c3cnc4ccc(-c5ccc(N(C)C)nc5)nc4c32)CC1,1,5,test
Cc1c(-c2ccccn2)nc2cc(F)ccc2c1N1CC(C)(C)c2nc(C#N)c(N3CCOCC3)cc21,1,2,train
Cc1nc(-c2cn3c(n2)-c2ccc(-c4cnn(CCO)c4)cc2OCC3)n(C(C)C)n1,1,2,test
CNC(=O)c1ccc2c(c1)OCCc1cc(C(=O)N(C)c3cc(C(=O)N(C)C)ccc3Cl)sc1-2,1,1,train
Cc1c(-c2cncc(F)c2)nc2cc(F)cc(F)c2c1N1CC(C)(C)c2ncc(N3CCOCC3)cc21,1,2,train
Nc1cc(C(F)F)c(-c2cc(N3C4CCC3COC4)nc(N3C4CCC3COC4)n2)cn1,0,0,ood
COc1ncc(-c2cc(-c3ncc(CN4CC(C)OC(C)C4)o3)c3cn[nH]c3c2)cc1NS(C)(=O)=O,0,1,train
COc1ccc(S(=O)(=O)Nc2cncc(-c3ccc4nc(NC(C)=O)sc4c3)c2)cc1,1,6,ood
CN(C)c1ccc(-c2ccc3ncc4c(c3n2)n(C2CCN(C(=O)C(C)(C)C)CC2)c(=O)n4C)cn1,1,5,test
CN(C(=O)c1cc2c(s1)-c1ccc(-c3cccc(CN)c3)cc1OCC2)c1ccccc1Cl,1,1,train
Cc1cc(NC(=O)CCNC(=O)Nc2nc(C)c(-c3ccc(S(C)(=O)=O)c(F)c3)s2)no1,0,6,ood
O=S(=O)(Nc1cc(-c2cnc3ccc(-c4ccncc4)cn23)cnc1Cl)c1ccc(F)cc1,1,1,test
CNC(=O)N1CCC(n2c(=O)n(C)c3cnc4ccc(-c5cnn(C)c5)nc4c32)CC1,1,5,train
O=S(=O)(Nc1cc(-c2cnc3ncccc3c2)cnc1Cl)c1ccc(F)cc1,0,6,ood
COC(=O)N1CCC(n2c(=O)n(C)c3cnc4ccc(-c5cnc6ccccc6c5)nc4c32)CC1,1,5,train
CS(=O)(=O)N1CCN(Cc2cn3cc(-c4cnc(N)nc4)nc(N4CCOCC4)c3n2)CC1,1,1,train
O=S(=O)(Nc1cc(-c2ccc3nccc(N4CCC(O)CC4)c3c2)cnc1Cl)c1ccc(F)cc1,1,1,test
COc1ncc(Nc2ncc(F)cc2-c2nc(C)nc(N)n2)cc1F,1,7,train
Cc1nc2ccccc2c(N2CC(C)(C)c3ccc(N4CCOCC4)cc32)c1C,0,2,train
Cc1nc(-c2cnccc2Nc2cccc3[nH]ncc23)c2nc[nH]c2n1,0,7,train
Cc1nc(N)nc(-c2cc(-c3cnn(C)c3)cnc2Nc2cncc(F)c2)n1,1,4,train
Nc1cc(C(F)F)c(-c2nc(N3CCOCC3)nc(N3C4CCC3COC4)n2)cn1,1,0,ood
CC(C)(O)Cn1cc(-c2ccc3c(c2)OCCc2sc(-c4ncnn4CC(F)(F)F)nc2-3)cn1,1,2,test
CNC(=O)c1ccc(N(C)C(=O)c2cc3c(s2)-c2ccc(C(=O)NC)cc2OCC3)c(Cl)c1,1,1,train
CCOC(=O)N1CCC(n2c(=O)n(C)c3cnc4ccc(-c5cnc6ccccc6c5)nc4c32)CC1,1,5,test
Cc1c(-c2ccccc2F)nc2ccccc2c1N1CC(C)(C)c2ccc(N3CCOCC3)cc21,1,2,train
O=S(=O)(Nc1cc(-c2ccc3ncncc3c2)cnc1Cl)c1ccc(F)cc1,1,6,ood
O=S(=O)(Nc1cc(-c2ccc3ncc(N4CCCCC4)nc3c2)cnc1Cl)c1ccc(F)cc1,1,6,ood
Cc1c(N2CC(C)(C)CC2=O)nc2cc(F)cc(F)c2c1N1CC2(CCOCC2)c2ncc(N3CCOCC3)cc21,1,3,ood
Cc1c(C2(c3ccccc3)CC2)nc2cc(F)cc(F)c2c1N1CC(C)(C)c2ncc(N3CCOCC3)cc21,1,2,train
CCNC(=O)Nc1ccc(-c2nc(N3CCOCC3C)c3ncn(CC)c3n2)cc1,0,2,train
Cn1c(=O)n(C2CCC(O)CC2)c2c3nc(-c4cc[nH]n4)ccc3ncc21,1,5,train
Cn1cc(-c2ccc3ncc4c(c3n2)n(C2CCN(CC(N)=O)CC2)c(=O)n4C)cn1,1,5,test
Nc1cn2nc(-c3cnc(Cl)c(NS(=O)(=O)c4ccc(F)cc4)c3)ccc2n1,1,6,ood
CC(C)n1nc(-c2ccc3oc(N)nc3c2)c2cnc(N)nc21,0,2,train
Cc1nc(-c2cccnc2Nc2ccc(NC(=O)C3CC3)cc2)c2nc[nH]c2n1,0,7,train
Cc1c(-c2cncc(F)c2)nc2cnccc2c1N1CC(C)(C)c2ncc(N3CCOCC3)cc21,1,2,test
Cc1c(-c2cccc(=O)[nH]2)nc2cc(F)ccc2c1N1CC(C)(C)c2ncc(N3CCOCC3)cc21,1,2,train
Cc1nc(N)nc(-c2cc(CN3CCN(S(C)(=O)=O)CC3)cnc2Nc2cncnc2)n1,1,4,test
COc1ccc(Nc2ncc(C(C)(O)C(F)(F)F)cc2-c2nc(C)nc(N)n2)cn1,0,7,test
COc1ccc(Nc2nc(OC)ncc2-c2nc(C)nc(N)n2)cn1,1,7,train
Cc1nc(-c2cn3c(n2)-c2ccc(-c4cnn(C5CN(C(=O)C(C)O)C5)c4)cc2OCC3)n(C(C)C)n1,1,2,train
Cc1nc(N)ncc1-c1nc(N2CCOCC2)c2nc3n(c2n1)CCOC3(C)C,1,2,train
Cc1cc(C(=O)Nc2ccc(N(C)C)nc2)c2nc(C)nc(N)c2c1,1,7,train
Cc1nc(N)c2cc(CN(C)C)cc(C(=O)Nc3ccn[nH]3)c2n1,0,7,train
COc1ccc(Nc2nc(N3CCCC3)ncc2-c2nc(C)nc(N)n2)cn1,1,4,train
Cc1c(-c2ccccn2)nc2cc(F)ccc2c1N1CC2(CCOCC2)c2nc(Br)c(N3CCOCC3)cc21,1,3,ood
COc1ccc(Nc2ncc(CN3CCN(S(C)(=O)=O)CC3C)cc2-c2nc(C)nc(N)n2)cn1,1,4,train
COc1cnc(Nc2cnc(Cl)c(N)c2)c(-c2nc(C)nc(N)n2)c1,0,7,train
COc1ccc(Nc2ncc(C3=CCOCC3)cc2-c2nc(C)nc(N)n2)cn1,1,4,train
COc1ccc(Nc2nc(N3CCOCC3)ncc2-c2nc(C)nc(N)n2)cn1,1,4,test
Cc1nc(N)cc(-c2cnccc2Nc2cccc3[nH]ccc23)n1,0,7,test
O=S(=O)(Nc1cc(-c2ccc3nccn3n2)cnc1Cl)c1ccc(F)cc1,1,6,ood
Cc1ccc2cc(Nc3ncccc3-c3nc(C)nc(N)n3)ccc2n1,0,4,train
Nc1cc(C(F)(F)F)c(-c2nc(N3CCOCC3)nc(N3CC4CCC(C3)O4)n2)cn1,1,0,ood
Cc1ccc(NC(=O)c2cccc3c(N)nc(C)nc23)cn1,1,7,test
COc1ccc(Nc2ncc(CN3CCNCC3)cc2-c2nc(C)nc(N)n2)cn1,1,4,test
CC(C)(O)c1nc2c(N3CCOCC3)nc(-c3cnc(N)nc3)nc2n1CCO,1,2,train
Cc1nc(N)nc(-c2cccnc2Nc2ccc(NC(=O)NC(C)C)nc2)n1,0,7,train
Cc1c(-c2ccccc2S(C)(=O)=O)nc2cc(F)cc(F)c2c1N1CC2(CCOCC2)c2ncc(N3CCOCC3)cc21,1,3,ood
Cc1ncnc(-n2c(Nc3cccc(O)c3)nc3ccccc32)n1,1,5,train
CCc1nc2ccccc2n1-c1nc(N2CCOCC2)c2nc(C(=O)N3CCN(C(C)(C)C(N)=O)CC3)n(C)c2n1,0,1,train
CN(C(=O)c1cc2c(s1)-c1cc(C#N)ccc1OCC2)c1ccccc1Cl,1,1,train
COc1ccc(S(=O)(=O)Nc2cc(-c3ccc4nc(NC(C)=O)sc4c3)ccn2)cc1,1,6,ood
CN(Cc1ccccc1)c1cnc2ccc(-c3cnc(Cl)c(NS(=O)(=O)c4ccc(F)cc4)c3)cc2n1,1,6,ood
Cn1c(=O)n(C2CCN(C(=O)CO)CC2)c2c3nc(-c4ccnc5[nH]ncc45)ccc3ncc21,1,5,test
COC(OC)c1cc(N)ncc1-c1nc(N2CCOCC2)nc(N2CCOCC2)n1,0,0,ood
COc1ccc(Nc2ncc(CN3CC(NS(C)(=O)=O)C3)cc2-c2nc(C)nc(N)n2)cn1,1,4,train
Cc1nc(N)nc(-c2cc(C(C)N3CCOCC3)cnc2Nc2ccc3scnc3c2)n1,1,4,train
COc1cc2nc(C)c(C)c(N3CC4(CCOCC4)c4ccc(C#N)cc43)c2cc1Cl,0,3,ood
Cc1nc2ccc(Cl)cc2c(N2CC(C)(C)c3ccc(N4CCOCC4)cc32)c1C,0,2,train
O=S(=O)(Nc1cc(-c2ccc3nccc(-c4ccncc4)c3c2)cnc1Cl)c1ccc(F)cc1,1,1,train
Cc1ccc(-c2ccc3ncc4c(c3n2)n(C2CCN(CCO)CC2)c(=O)n4C)cn1,1,5,train
COc1ncc(-c2ccc3ncc4c(c3n2)n(-c2ccc(C(C)(C)C#N)cc2)c(=O)n4C)cc1F,1,5,train
COc1ccc(Nc2nc3ccc(N4CCN(C(=O)N(C)C)CC4)cn3c2-c2nc(C)nc(N)n2)cn1,1,5,train
Nc1ncc(-c2nc(N3CCOCC3)c3ccsc3n2)cn1,1,2,train
COc1ccc(Nc2ncc(C)cc2-c2nc(C)nc(N)n2)cn1,0,7,train
Cc1c(-c2ccccn2)nc2cc(F)ccc2c1N1CC(C)(C)c2ccc(-c3ccncc3)cc21,0,2,train
COc1ccc(Nc2ncc(CN3CCC(S(C)(=O)=O)CC3)cc2-c2nc(C)nc(N)n2)cn1,1,4,test
Cc1c(-c2ccccc2F)nc2cccc(Cl)c2c1N1CC(C)(C)c2ccc(N3CCOCC3)cc21,0,2,train
CC(=O)Nc1ccc(Nc2ncc(CN3CCN(S(C)(=O)=O)CC3)cc2-c2nc(C)nc(N)n2)cn1,1,4,train
Cc1nc2ccccc2c(N2CC3(CCOCC3)c3ccc(N4CCOCC4)cc32)c1C,0,3,ood
Cc1nc(N)cc(-c2nc3ccccc3nc2Nc2cccc3[nH]ncc23)n1,0,7,train
CC(C)n1ncnc1-c1nc2c(s1)CCOc1cc(-c3cnn(CCO)c3)ccc1-2,1,2,train
Cc1nc(N)cc(-c2cnccc2Nc2cccc3[nH]ncc23)n1,0,7,test
Cc1nc(N)nc(-c2cc(Cl)cnc2Nc2cncc(F)c2)n1,0,7,train
COCCNc1nc(C)nc(-c2cc(Cl)cnc2Nc2cnc(OC)c(F)c2)n1,0,7,train
Cc1c(C(F)(F)F)nc2ccc(Cl)cc2c1N1CC(C)(C)c2ccc(N3CCOCC3)cc21,0,2,test
COc1ccc(-c2ccc3ncc4c(c3n2)n(C2CCOCC2)c(=O)n4CCO)cn1,1,5,test
CC(=O)Nc1ccc(Nc2ncccc2-c2nc(C)nc3[nH]cnc23)cc1Cl,0,7,train
O=S(=O)(Nc1cc(-c2cnc3ccc(Br)cn23)cnc1Cl)c1ccc(F)cc1,1,1,train
COc1ncc(-c2ccc3ncc4[nH]c(=O)n(-c5ccc(C(C)(C)C#N)cc5)c4c3n2)cn1,1,5,train
Cc1c(-c2ccccn2)nc2cc(F)ccc2c1N1CC(C)(C)c2ncc(-c3ncnc4nc[nH]c34)cc21,1,2,test
Nc1cc(C(F)(F)F)c(-c2cc(N3CCOCC3)nc(N3CCOCC3)n2)cn1,1,0,ood
COc1ccc(Nc2nc(NC3CCCC3)ncc2-c2nc(C)nc(N)n2)cn1,0,4,train
COc1ncc(-c2ccc3ncc4c(c3n2)n(C2CCNCC2)c(=O)n4C)cn1,1,5,test
Cc1nc(N)nc(-c2cc(Cl)cnc2Nc2cnc(Cl)c(NS(=O)(=O)N(C)C)c2)n1,1,7,train
C=C(c1ccccc1)c1nc2cc(F)cc(F)c2c(N2CC(C)(C)c3ncc(N4CCOCC4)cc32)c1C,1,1,train
COc1ncc(Nc2ncc(C(C)(C)O)cc2-c2nc(C)nc(N)n2)cc1C,1,7,train
Cc1nc2c(C)cccc2c(N2CC(C)(C)c3ccc(N4CCOCC4)cc32)c1C,1,2,test
Cc1nc(N)nc(-c2cccnc2Nc2cnc(C)c(NS(C)(=O)=O)c2)n1,0,7,test
COc1cc(-c2cnc3ccc(-c4ccncc4)cn23)cnc1OC,0,2,test
Cc1nc(N)nc(-c2cc(CN3CCN(S(C)(=O)=O)CC3)cnc2Nc2ccc3scnc3c2)n1,1,4,test
Cc1nc(N)nc(-c2cccnc2Nc2ccc(N)nc2)n1,0,7,train
Oc1cc(C2C3CCC(CC3)C2Nc2nc(-c3c[nH]c4ncc(F)cc34)ncc2F)on1,0,1,train
COc1ncc(-c2ccc3ncc4c(c3n2)n(C2CCN(C(=O)C(C)O)CC2)c(=O)n4C)cn1,1,5,train
COc1ccc(Nc2ncc(CCO)cc2-c2nc(C)nc3[nH]cnc23)cn1,1,7,train
COc1ccc(Nc2ncc(-c3ccc(OC)nc3)cc2-c2nc(C)nc(N)n2)cn1,1,4,train
CNC(=O)N1CCC(n2c(=O)n(C)c3cnc4ccc(-c5ccc(N(C)C)nc5)nc4c32)CC1,1,5,train
CC(=O)Nc1nc2ccc(-c3ccnc(NCc4ccccc4)n3)cc2s1,1,6,ood
CC1(C)CN(c2c3c(nc4ccc(Cl)cc24)C(C)(C)CC3)c2cc(N3CCOCC3)ccc21,0,5,train
Cn1c(=O)n(C2CCN(CC(F)(F)F)CC2)c2c3nc(-c4cnc5ccccc5c4)ccc3ncc21,1,5,train
Cc1nc2ccc(Cl)cc2c(-n2ccc3c(O)cc(-c4cn[nH]c4)cc32)c1C,0,2,train
Cc1nc(N)nc(-c2cc(CN3CCN(S(C)(=O)=O)CC3)cnc2Nc2ccc3ncoc3c2)n1,1,4,train
COc1cccc(-c2ccc3ncc4c(c3n2)n(C2CCN(C(C)=O)CC2)c(=O)n4C)c1,1,5,train
COc1ccccc1-c1cc(N2CC(C)(C)c3ccc(N4CCOCC4)cc32)c2cc(Cl)ccc2n1,0,2,train
CC1(C)CN(c2c3c(nc4ccc(Cl)cc24)CCC3)c2cc(N3CCOCC3)ccc21,0,5,train
Cc1c(-c2cccc3ccccc23)nc2cc(F)cc(F)c2c1N1CC(C)(C)c2ncc(N3CCOCC3)cc21,0,2,train
Cc1nc2c(C)cc(Cl)cc2c(N2CC(C)(C)c3ccc(N4CCOCC4)cc32)c1C,0,2,train
CC(=O)Nc1nc2ccc(-c3ccnc(NC(C)(C)c4ccccc4)n3)cc2s1,1,6,ood
Cc1c(C2CC2)nc2ncccc2c1N1CC(C)(C)c2ncc(N3CCOCC3)cc21,0,2,train
CS(=O)(=O)N1CCN(Cc2cc3c(N4CCOCC4)nc(-c4cnc(N)nc4)nc3s2)CC1,1,1,test
COCCNC(=O)c1nc2c(N3CCOCC3)nc(-c3cnc(N)nc3)cn2c1C,1,2,train
Cc1c(-c2ccccn2)nc2cc(F)ccc2c1N1CC2(CS(=O)(=O)C2)c2ccc(N3CCOCC3)cc21,1,3,ood
COc1ncc(Nc2ncc(CN3CCOCC3C)cc2-c2nc(C)nc(N)n2)cc1F,1,4,train
CC(O)C(=O)N1CCC(n2c(=O)n(C)c3cnc4ccc(-c5ccc(N(C)C)nc5)nc4c32)CC1,1,5,train
COc1ncc(Nc2ncc(CN3CCN(C(=O)N(C)C(C)C)CC3)cc2-c2nc(C)nc(N)n2)cc1F,1,4,test
O=S(=O)(Nc1cc(-c2ccc3ncc(N4CCOCC4)nc3c2)cnc1Cl)c1ccc(F)cc1,1,6,ood
CC(=O)Nc1nc2ccc(-c3ccnc(Sc4cccc(C)c4)n3)cc2s1,1,4,test
Cc1nc(N)nc(-c2cc(C3CCOCC3)cnc2Nc2cnc(Cl)c(NS(C)(=O)=O)c2)n1,1,4,train
Cc1c(-c2ccccc2F)nc2cc(F)ccc2c1N1CC2(CCOCC2)c2ccc(N3CCOCC3)cc21,1,3,ood
Nc1cc(CO)c(-c2nc(N3CCOCC3)nc(N3CCOCC3)n2)cn1,1,0,ood
Cc1nc(-c2cc(Cc3ccc(S(C)(=O)=O)cc3)cnc2Nc2cccc3[nH]ncc23)c2nc[nH]c2n1,1,7,test
COc1cc2c(cn1)-c1nc(-c3ncnn3C(C)C)cn1CCO2,1,2,train
COc1cccc(-c2nc3cc(F)ccc3c(N3CC4(CCOCC4)c4ccc(N5CCOCC5)cc43)c2C)n1,1,3,ood
CC(=O)Nc1nc2ccc(-c3cnc(Cl)c(NS(=O)(=O)c4ccc(F)cc4)c3)cc2[nH]1,1,6,ood
Cc1ccnc(-c2nc3cc(F)cc(F)c3c(N3CC4(CCOCC4)c4ncc(N5CCOCC5)cc43)c2C)c1,1,3,ood
Nc1cc(C(F)(F)F)c(-c2nc(N3CCOCC3)cc(N3CCOCC3)n2)cn1,1,0,ood
N#Cc1c(N2CCOCC2)sc(-c2nc[nH]n2)c1-c1ccc(Cl)cc1,1,0,ood
CN(C)c1ccc(-c2ccc3ncc4c(c3n2)n(C2CCNCC2)c(=O)n4C)cn1,1,5,train
Cc1nc2ccc(Cl)cc2c(-n2ccc3c(C#N)cc(N4CCOCC4)cc32)c1C,0,2,test
COc1ccc(Nc2ncc(-c3ccccn3)cc2-c2nc(C)nc(N)n2)cn1,1,4,test
COc1ccc(Nc2ncc(CN3CCC(S(C)(=O)=O)C3)cc2-c2nc(C)nc(N)n2)cn1,1,4,train
COc1ccc(NCc2cnc(Nc3ccc(OC)nc3)c(-c3nc(C)nc4[nH]cnc34)c2)cc1,1,7,train
COc1cc(-c2nc3cc(F)cc(F)c3c(N3CC4(CCOCC4)c4ncc(N5CCOCC5)cc43)c2C)ccn1,1,3,ood
CS(=O)(=O)N1CCN(Cc2cc3nc(-c4cccc5[nH]ncc45)nc(N4CCOCC4)c3s2)CC1,1,1,test
COc1ncc(-c2ccc3ncc4[nH]c(=O)n(-c5ccc(C(C)(C)C#N)cc5)c4c3n2)cc1F,1,5,test
CC(C)n1c(-c2nc3c(s2)CCOc2cc(-c4cnn(CC(C)(C)O)c4)ccc2-3)n[nH]c1=O,1,2,train
O=S(=O)(Nc1cc(-c2ccc3ncc(-c4ccncc4)nc3c2)cnc1Cl)c1ccc(F)cc1,1,6,ood
COc1ccc(Nc2ncc(Br)cc2-c2nc(C)nc(N)n2)cn1,0,7,train
COc1ccc(Nc2ncccc2-c2nc(C)nc(N)n2)cn1,0,7,train
Cn1c(=O)n(C2CCN(C(=O)C(C)(C)O)CC2)c2c3nc(-c4cnc5ccccc5c4)ccc3ncc21,1,5,test
Cc1c(N2CCCCC2=O)nc2cc(F)cc(F)c2c1N1CC(C)(C)c2ncc(N3CCOCC3)cc21,1,2,test
CN(C)c1ccc(-c2ccc3ncc4c(c3n2)n(-c2ccc(C(C)(C)C#N)cc2)c(=O)n4C)cn1,1,5,train
Cc1nc(N)nc(-c2cccnc2Nc2ccc(F)c(F)c2)n1,0,7,test
CN(C)c1ccc(-c2ccnc3ccc(-c4cnc(Cl)c(NS(=O)(=O)c5ccc(F)cc5)c4)cc23)cc1,1,1,train
COc1ccc(-c2ccc3ncc4[nH]c(=O)n(Cc5ccccc5)c4c3n2)cn1,1,4,train
COc1ccc(Nc2ncc(CN3CCn4ncnc4C3)cc2-c2nc(C)nc(N)n2)cn1,1,4,test
COc1cc(-c2cnc3ccc(N4CCOCC4)cn23)cnc1OC,0,2,train
COc1ccc(-c2ccc3ncc4[nH]c(=O)n(C5CCC(O)CC5)c4c3n2)cn1,1,5,train
CC(=O)Nc1nc2ccc(-c3ccnc(OCCCc4ccccc4)n3)cc2s1,1,6,ood
CCN(c1nccc(-c2ccc3nc(NC(C)=O)sc3c2)n1)S(=O)(=O)c1ccc(OC)cc1,1,6,ood
CN(C)C(=O)N1CCN(Cc2cc3c(N4CCOCC4)nc(-c4cnc(N)nc4)nc3s2)CC1,1,1,train
CC(=O)N1CCC(n2c(=O)n(C)c3cnc4ccc(-c5ccc(C)nc5)nc4c32)CC1,1,5,train
c1cnc(Nc2cccc3[nH]ccc23)c(-c2ncnc3[nH]cnc23)c1,0,7,train
Cc1nc(-c2cc(C(C)N3CCOCC3)cnc2Nc2cnc(Cl)c(NS(C)(=O)=O)c2)c2nc[nH]c2n1,1,4,train
CN(C)CC(=O)N1CCC(n2c(=O)n(C)c3cnc4ccc(-c5cnc6ccccc6c5)nc4c32)CC1,1,5,train
Cc1cc(C(=O)Nc2ccn[nH]2)c2nc(C)nc(N)c2c1,1,7,train
CN1CCC(n2c(=O)n(C)c3cnc4ccc(-c5cnc6ccccc6c5)nc4c32)CC1,1,5,train
CC(=O)Nc1nc2ccc(-c3ccnc(Sc4ccccc4C)n3)cc2s1,1,4,test
CC(=O)Nc1nc2ccc(-c3ccnc(OCc4cccc(F)c4)n3)cc2s1,1,6,ood
O=S(=O)(Nc1cc(-c2cnc3ccccn23)cnc1Cl)c1ccc(F)cc1,1,1,train
Cc1c(-c2ccccn2)nc2cc(F)ccc2c1N1CC2(CCOCC2)c2nc(C#N)c(N3CCOCC3)cc21,1,3,ood
CCc1c(C)nc2ccc(Cl)cc2c1N1CC(C)(C)c2ccc(N3CCOCC3)cc21,0,2,train
Cc1c(-c2cc(F)cc(F)c2)nc2cnccc2c1N1CC(C)(C)c2ncc(N3CCOCC3)cc21,1,2,train
COc1nc(N)nc2c1c(-c1ccc3oc(N)nc3c1)nn2C(C)C,0,2,train
Cc1nc(-c2cn3c(n2)-c2ccc(-c4cnn(CCO)c4)cc2OCC3)n(C)n1,1,2,train
COc1ncc(Nc2nc3ccc(C(C)(C)O)cn3c2-c2nc(C)nc(N)n2)cc1F,1,5,train
COc1cccc(-c2ccc3ncc4c(c3n2)n(C2CCN(C(=O)CO)CC2)c(=O)n4C)c1,1,5,train
O=S(=O)(Nc1cc(-c2cnc3ccc(Cl)nn23)cnc1Cl)c1ccc(F)cc1,1,1,test
Nc1cc(C(F)(F)F)c(-c2nc(N3C4CCC3COC4)nc(N3C4CCC3COC4)n2)cn1,0,0,ood
CC(C)n1nc(-c2ccc3oc(N)nc3c2)c2c(N)ncnc21,1,2,test
Oc1cc(C2C3CCC(CC3)C2Nc2nc(-c3c[nH]c4ncc(F)cc34)ncc2F)no1,0,1,test
COc1ccc(Nc2ncc(-c3cnn(C)c3)cc2-c2nc(C)nc(N)n2)cn1,1,4,train
Cc1cnc2ccccc2c1N1CC(C)(C)c2ccc(N3CCOCC3)cc21,0,2,train
CC(=O)N1CCC(n2c(=O)n(C)c3cnc4ccc(-c5ccnc6[nH]ncc56)nc4c32)CC1,1,5,test
Cc1nc(-c2cn3c(n2)-c2ccc(-c4cnn(C(C)(C)C(N)=O)c4)cc2OCC3)n(C(C)C)n1,1,2,test
COc1ncc(Nc2ncc(C(C)(C)O)cc2-c2nc(C)nc(N)n2)cc1F,1,7,train
Cc1nc(N)nc(-c2cc(Cl)cnc2Nc2cnc(Cl)c(NS(C)(=O)=O)c2)n1,1,7,train
CC(C)n1ncnc1-c1nc2c(s1)CCOc1cc(C3CN(CC(O)CO)C3)ccc1-2,1,2,train
Cc1nc(N)nc(-c2cc(C(C)N3CCN(S(C)(=O)=O)CC3C)cnc2Nc2ccc(Cl)nc2)n1,1,4,train
Cc1nc(N)nc(-c2cccnc2Nc2cnc(Cl)c(NS(=O)(=O)c3ccc(F)cc3)c2)n1,1,7,test
Cc1nc(N)c2ccc(C)c(C(=O)Nc3ccn[nH]3)c2n1,0,7,train
Cc1c(-c2cc(F)cc(F)c2)nc2ncccc2c1N1CC(C)(C)c2ncc(N3CCOCC3)cc21,1,2,train
CC(C)n1ncnc1-c1nc2c(s1)CCOc1cc(-c3cnn(CC(C)(C)O)c3)ccc1-2,1,2,train
Cc1nc(N)nc(-c2cc(Cl)cnc2Nc2cnc(Cl)c(N(C)S(C)(=O)=O)c2)n1,0,7,test
COc1ncc(Nc2ncc(C(C)(C)N3CCOCC3)cc2-c2nc(C)nc(N)n2)cc1F,1,4,train
CCOc1ccc(Nc2nc3ccccn3c2-c2nc(C)nc(N)n2)cn1,0,5,train
Cc1c(-c2ccccc2)nc2ncccc2c1N1CC2(CCOCC2)c2ncc(N3CCOCC3)cc21,1,3,ood
COCCOc1cnc(Nc2cnc(C)c(NS(C)(=O)=O)c2)c(-c2nc(C)nc(N)n2)c1,1,7,test
COC(=O)Nc1ccc(Nc2ncc(Cl)cc2-c2nc(C)nc(N)n2)cn1,0,7,train
O=S(=O)(Nc1cc(-c2ccc3ncsc3c2)cnc1Cl)c1ccc(F)cc1,1,6,ood
COc1ccc(Nc2ncc(CNc3cccnn3)cc2-c2nc(C)nc3[nH]cnc23)cn1,1,7,train
COc1ccc(S(=O)(=O)Nc2cccc(-c3ccc4nc(NC(C)=O)sc4c3)c2)cc1,1,6,ood
Cc1c(N2CCCCC2=O)nc2cc(F)ccc2c1N1CC2(CCOCC2)c2ncc(N3CCOCC3)cc21,1,3,ood
COc1ccc(Nc2ncc(CN3CCN(C)CC3)cc2-c2nc(C)nc(N)n2)cn1,0,4,test
COCC(=O)N1CCC(n2c(=O)n(C)c3cnc4ccc(-c5cnc6[nH]ncc6c5)nc4c32)CC1,1,5,test
CC(=O)Nc1nc(C)c(-c2ccc(S(C)(=O)=O)c(C(F)(F)F)c2)s1,1,0,ood
Cc1ccc(-c2ccc3ncc4c(c3n2)n(C2CCC(OCCO)CC2)c(=O)n4C)cn1,1,5,train
Cc1nc(N)cc(-c2cccnc2Nc2cccc(O)c2)n1,1,7,train
O=S(=O)(Nc1cc(-c2ccc3ncc(NCC4CCCNC4)nc3c2)cnc1Cl)c1ccc(F)cc1,1,6,ood
COc1ccc(Sc2nccc(-c3ccc4nc(NC(C)=O)sc4c3)n2)cc1,1,4,test
CC(=O)Nc1cc(-c2cnccc2Nc2cccc3[nH]ccc23)nc(C)n1,0,7,train
COc1cc(-c2ccncc2)cc2c1ccn2-c1c(C)c(C)nc2ccc(Cl)cc12,0,2,train
c1cc(-c2nc(N3CCOCC3)c3ccsc3n2)c2cn[nH]c2c1,1,2,train
COc1ccc(Nc2ncc(C(C)(C)N3CCN(S(C)(=O)=O)CC3)cc2-c2nc(C)nc(N)n2)cn1,1,4,test
Cc1nc(N)cc(-c2cccnc2Nc2cnc(Cl)c(NS(C)(=O)=O)c2)n1,1,7,train
COc1ccc(Nc2ncc(CN3CCN(C(=O)N(C)C)CC3)cc2-c2nc(C)nc3[nH]cnc23)cn1,1,4,train
CN(C)S(=O)(=O)Nc1cc(-c2cnc3ccc(-c4ccnc(C(F)(F)F)c4)cn23)cnc1Cl,1,2,train
COC(=O)N1CCN(c2nc3cc(F)cc(F)c3c(N3CC4(CCOCC4)c4ncc(N5CCOCC5)cc43)c2C)CC1,1,3,ood
O=S(=O)(Nc1cc(-c2ccc3nccc(-c4ccccc4)c3c2)cnc1Cl)c1ccc(F)cc1,1,1,train
Cc1c(CN2CCN(C(=O)CO)CC2)sc2c(N3CCOCC3)nc(-c3cnc(N)nc3)nc12,1,1,test
CCCCn1nc(-c2ccc3oc(N)nc3c2)c2c(C)nc(N)nc21,0,2,test
COc1ncc(Nc2ncc(C(O)C(C)(C)O)cc2-c2nc(C)nc(N)n2)cc1F,1,7,train
COc1cc(-c2cn[nH]c2)cc2c1ccn2-c1c(C)c(C)nc2ccc(Cl)cc12,0,2,test
Cc1ccnc(-c2nc3cc(F)ccc3c(N3CC(C)(C)c4ncc(N5CCOCC5)cc43)c2C)c1,1,2,train
Cc1ccc(-c2ccc3ncc4c(c3n2)n(-c2ccc(C(C)(C)C#N)cc2)c(=O)n4C)cn1,1,5,train
CC(=O)Nc1nc2ccc(-c3ccnc(NS(=O)(=O)c4cccc(F)c4)n3)cc2s1,1,6,ood
COCCOc1ccc(NC(=O)Nc2ccc(Nc3ncc(Cl)cc3-c3nc(C)nc(N)n3)cn2)cc1,1,7,train
O=S(=O)(Nc1cc(-c2ccc3nccc(N4CCN(Cc5ccncc5)CC4)c3c2)cnc1Cl)c1ccc(F)cc1,1,1,train
Cc1c(-c2ccccn2)nc2cc(F)ccc2c1N1CC(C)(C)c2nc(Cl)c(N3CCOCC3)cc21,1,2,train
